HTAPS5257J,10/23/2017,IB903,0
UWTUQ8616C,10/23/2017,IB903,1
XVBNC1092J,10/23/2017,IB903,2
XBDRR5450N,10/23/2017,IB903,3
ZRKKR7440C,10/23/2017,IB903,4
LFYZC5232I,10/23/2017,IB903,5
COQVX4706P,10/23/2017,IB903,6
APWXY6030G,10/23/2017,IB903,7
FOJAZ4158N,10/23/2017,IB903,8
FMWSB9417C,10/23/2017,IB903,9
TVPBD6990Y,10/23/2017,IB903,10
LFCKZ2541P,08/22/2018,KLM711,11
DGGFZ8255N,08/22/2018,KLM711,12
YDLPW2338V,08/22/2018,KLM711,13
JIBXM9867T,08/22/2018,KLM711,14
ZPOQH2186N,08/22/2018,KLM711,15
KXWLX7577L,10/23/2017,IB903,16
YIEHA5295W,10/23/2017,IB903,17
NWIUK0274K,10/23/2017,IB903,18
TFIKP7438C,10/23/2017,IB903,19
QFVVH0035S,10/23/2017,IB903,20
ZLDSZ5020Q,10/23/2017,IB903,21
HXOZP3893J,10/23/2017,IB903,22
EIPFZ4915W,10/23/2017,IB903,23
ACAPM1364W,10/23/2017,IB903,24
NSMML6734I,10/23/2017,IB903,25
VKYTG5529M,10/23/2017,IB903,26
WAMMS0576A,08/22/2018,KLM711,27
TTAAJ8224H,08/22/2018,KLM711,28
QLADE6159O,08/22/2018,KLM711,29
KSTVW8888Q,08/22/2018,KLM711,30
MNSQP3005J,08/22/2018,KLM711,31
QPZCW4698D,08/22/2018,KLM711,32
EMTZX1574T,08/22/2018,KLM711,33
SXTQR9521D,08/22/2018,KLM711,34
APCHZ1259I,08/22/2018,KLM711,35
GLCBC6672Q,08/22/2018,KLM711,36
IDBOA1560S,08/22/2018,KLM711,37
ICPHS2187F,10/23/2017,IB903,38
VVGWJ9292R,10/23/2017,IB903,39
PFASO6560Q,10/23/2017,IB903,40
HHKKH3221C,10/23/2017,IB903,41
ULLQD6221L,10/23/2017,IB903,42
OEGOG2497H,10/23/2017,IB903,43
VISUE2183L,10/23/2017,IB903,44
GXCTY1577Z,10/23/2017,IB903,45
INLRQ6624A,10/23/2017,IB903,46
VRGHJ1006Z,10/23/2017,IB903,47
OCAYN2421S,10/23/2017,IB903,48
LJTQX2790W,08/22/2018,KLM711,49
WNGFB1627X,08/22/2018,KLM711,50
RWHST2269D,08/22/2018,KLM711,51
QEICZ8258C,08/22/2018,KLM711,52
IIXPJ3020A,08/22/2018,KLM711,53
HXSBT3135N,08/22/2018,KLM711,54
FBDEP1282J,08/22/2018,KLM711,55
IATAA0475W,08/22/2018,KLM711,56
MSXWK2858V,08/22/2018,KLM711,57
UXYGW1678O,08/22/2018,KLM711,58
IXSEK5295D,08/22/2018,KLM711,59
FDIGH5693X,08/22/2018,KLM711,60
VUAPH1732D,08/22/2018,KLM711,61
SISSB4638W,08/22/2018,KLM711,62
VIOZR6748Z,08/22/2018,KLM711,63
TGOUX0721S,08/22/2018,KLM711,64
BIIYQ2585V,08/22/2018,KLM711,65
AAIZZ2773B,08/22/2018,KLM711,66
ZVNEX7885S,08/22/2018,KLM711,67
NDUCH3668G,08/22/2018,KLM711,68
HYDQS5190W,08/22/2018,KLM711,69
LBIFG9822I,08/22/2018,KLM711,70
RJKBN8812E,08/22/2018,KLM711,71
XNRJD4998G,10/23/2017,IB903,72
DNPIE9880V,10/23/2017,IB903,73
ROLPR7181Z,10/23/2017,IB903,74
JIDZV4208G,10/23/2017,IB903,75
JRQQP9878B,10/23/2017,IB903,76
IGDYU4003W,10/23/2017,IB903,77
SDTQA1843P,10/23/2017,IB903,78
KDFPU3253T,10/23/2017,IB903,79
OALLQ9083Y,10/23/2017,IB903,80
JOOFK8836G,10/23/2017,IB903,81
JXMRO1719D,10/23/2017,IB903,82
USSVS7662O,08/22/2018,KLM711,83
OEGCA3358N,08/22/2018,KLM711,84
ZILZP3285R,08/22/2018,KLM711,85
QWEGO2099I,08/22/2018,KLM711,86
NEFDH5547N,08/22/2018,KLM711,87
KCZRO3434X,08/22/2018,KLM711,88
OZWML1261B,08/22/2018,KLM711,89
QZWKQ2289J,08/22/2018,KLM711,90
EGCFH0793N,08/22/2018,KLM711,91
AUSNS6476S,08/22/2018,KLM711,92
WENWI9474H,08/22/2018,KLM711,93
XGPLX0286B,08/22/2018,KLM711,94
STISS6673S,10/23/2017,IB903,95
LYNIG9881Y,10/23/2017,IB903,96
JFHGR6210C,10/23/2017,IB903,97
CNNTP3397C,10/23/2017,IB903,98
FVQRQ0224L,10/23/2017,IB903,99
MLFKY5491Y,10/23/2017,IB903,100
WKKQM9886D,10/23/2017,IB903,101
TCZQX4827I,10/23/2017,IB903,102
CDZHA0110J,10/23/2017,IB903,103
BDYUS6886A,10/23/2017,IB903,104
OKXHU0529J,10/23/2017,IB903,105
PKXFJ9431B,10/23/2017,IB903,106
IBVBW2860M,10/23/2017,IB903,107
IYDVU4973M,10/23/2017,IB903,108
HUEWE7107H,10/23/2017,IB903,109
RMKRA4247N,10/23/2017,IB903,110
CZSTG7541M,10/23/2017,IB903,111
ZWHNG5689C,10/23/2017,IB903,112
TCXPZ9385R,10/23/2017,IB903,113
BMOOM6591R,10/23/2017,IB903,114
TPEQR7667X,10/23/2017,IB903,115
AYFVJ9100D,10/23/2017,IB903,116
NHAVD9005V,10/23/2017,IB903,117
ZRARN2556F,10/23/2017,IB903,118
HYVWQ1058Y,10/23/2017,IB903,119
STSAF9653Y,03/10/2018,HW158,120
AJPYB0842S,03/10/2018,HW158,121
YDQMN2253E,03/10/2018,HW158,122
XHGVN9403B,03/10/2018,HW158,123
KHCTY5586H,03/10/2018,HW158,124
XIJXG4039H,03/10/2018,HW158,125
DNTVV4478D,03/10/2018,HW158,126
GTQOQ3307G,03/10/2018,HW158,127
QXZRT8361Z,03/10/2018,HW158,128
OGETZ5882S,03/10/2018,HW158,129
AJQGP8541K,03/10/2018,HW158,130
NMNYH6830V,03/10/2018,HW158,131
RSNED5957Y,03/10/2018,HW158,132
AMJMJ7988Y,03/10/2018,HW158,133
BNFPB2709B,03/10/2018,HW158,134
RCYKI3229W,03/10/2018,HW158,135
TDGKX5671Q,03/10/2018,HW158,136
SBSFG7648H,03/10/2018,HW158,137
YYKQQ8131H,03/10/2018,HW158,138
OTYWQ6823U,03/10/2018,HW158,139
VCYXI3656S,03/10/2018,HW158,140
KTUFW8081M,10/23/2017,IB903,141
RIJJT1915F,10/23/2017,IB903,142
RHSRC7165P,10/23/2017,IB903,143
ATVVB3770H,10/23/2017,IB903,144
RGYUV8414Z,10/23/2017,IB903,145
KNJMH5671P,10/23/2017,IB903,146
PUBBZ2014J,10/23/2017,IB903,147
PSUDO2152S,10/23/2017,IB903,148
TIQEI0117E,10/23/2017,IB903,149
ZTLLA1229F,10/23/2017,IB903,150
CZVJT8216X,10/23/2017,IB903,151
LUNXL3544G,06/13/2018,AAE897,152
AEOCW1104B,06/13/2018,AAE897,153
RQWAE1740F,06/13/2018,AAE897,154
CUAEN7429G,06/13/2018,AAE897,155
EOEUR8024M,06/13/2018,AAE897,156
VOUJX4306G,06/13/2018,AAE897,157
ALFBQ4514A,06/13/2018,AAE897,158
ULUEK5420B,06/13/2018,AAE897,159
SRCKA7855S,06/13/2018,AAE897,160
BTAGS0406J,06/13/2018,AAE897,161
VFFNZ4294F,10/23/2017,IB903,162
MYHZD5371R,10/23/2017,IB903,163
DEOPP2821T,10/23/2017,IB903,164
FVLKQ1704G,10/23/2017,IB903,165
XQDSM2295Q,10/23/2017,IB903,166
ZOBNZ5686U,10/23/2017,IB903,167
BBMWT9965V,10/23/2017,IB903,168
WEDUN2245F,10/23/2017,IB903,169
IKRZJ9796Z,10/23/2017,IB903,170
KBELD6322I,10/23/2017,IB903,171
MDBHS3926F,10/23/2017,IB903,172
NVBPE6748Y,06/13/2018,AAE897,173
ZMSRF4801G,06/13/2018,AAE897,174
OKYWZ3678G,06/13/2018,AAE897,175
HNRYF3111U,06/13/2018,AAE897,176
UUOYN2352T,06/13/2018,AAE897,177
SASCM3261S,06/13/2018,AAE897,178
PRKKY6934K,06/13/2018,AAE897,179
LOCEA9682F,06/13/2018,AAE897,180
METBT9368K,06/13/2018,AAE897,181
VJMLZ4655Z,10/23/2017,IB903,182
SXIGT2731I,10/23/2017,IB903,183
QJCWG2103P,10/23/2017,IB903,184
JKEPV6437X,10/23/2017,IB903,185
LYNKK2982W,10/23/2017,IB903,186
HYPMI6163C,10/23/2017,IB903,187
MKSAR8975L,10/23/2017,IB903,188
APMXV4262Q,10/23/2017,IB903,189
ZULEI6216F,10/23/2017,IB903,190
VKZWJ1093H,10/23/2017,IB903,191
UWLCD4493L,10/23/2017,IB903,192
VHTOV6420F,04/12/2018,AB511,193
UAUAS3896G,04/12/2018,AB511,194
QPESP5743K,04/12/2018,AB511,195
BDMOS4018U,04/12/2018,AB511,196
BXELE6517W,04/12/2018,AB511,197
VYABI4116P,04/12/2018,AB511,198
BZOYH7877Y,04/12/2018,AB511,199
CZCYB5238M,04/12/2018,AB511,200
UFMHK3161H,10/23/2017,IB903,201
UUCYK2904Q,10/23/2017,IB903,202
TSWQZ8497W,10/23/2017,IB903,203
IFLJE2648S,10/23/2017,IB903,204
HTNXJ0952F,10/23/2017,IB903,205
MJCNO5148M,10/23/2017,IB903,206
ILMZB2868F,10/23/2017,IB903,207
KIBKD8522W,10/23/2017,IB903,208
MRLYX9229E,10/23/2017,IB903,209
FBWYL2687R,10/23/2017,IB903,210
FNOEZ2698E,10/23/2017,IB903,211
OUCQX3831C,05/20/2018,JA830,212
YQFBG0218O,05/20/2018,JA830,213
HVQPW4082K,05/20/2018,JA830,214
MBPAG2139M,05/20/2018,JA830,215
ROIGK4700C,05/20/2018,JA830,216
JNMUN0439S,10/09/2018,SAR174,217
EQRDB8112G,10/09/2018,SAR174,218
WQWZV0832A,10/09/2018,SAR174,219
XKNKF1120X,10/09/2018,SAR174,220
JIQHB2881Z,10/09/2018,SAR174,221
VICVZ7649Q,10/09/2018,SAR174,222
PDCUD9484U,10/09/2018,SAR174,223
PLEZI5108L,10/09/2018,SAR174,224
LXRGY7949Y,10/09/2018,SAR174,225
PQDDP7510D,10/09/2018,SAR174,226
BJYIS7823F,10/09/2018,SAR174,227
HUJBV3877B,10/09/2018,SAR174,228
OHVBO3043R,10/09/2018,SAR174,229
LRZUQ5971T,10/09/2018,SAR174,230
KUMLS7046I,10/09/2018,SAR174,231
RFKVD7511A,10/09/2018,SAR174,232
OTTVL6979M,10/09/2018,SAR174,233
DUBUP9953Z,10/09/2018,SAR174,234
HNMDB8498D,10/09/2018,SAR174,235
NGLHR3697A,10/09/2018,SAR174,236
CXZTQ9605W,10/09/2018,SAR174,237
ZMFCX1801T,10/09/2018,SAR174,238
DQXYZ4122C,10/09/2018,SAR174,239
GLLIM9918X,10/09/2018,SAR174,240
VUNIR8016K,10/09/2018,SAR174,241
GHNRW1003R,10/09/2018,SAR174,242
CPCUV9957E,10/09/2018,SAR174,243
LJBCK8280L,10/09/2018,SAR174,244
NYFWL2623K,10/09/2018,SAR174,245
VHHBH5331Y,10/09/2018,SAR174,246
DUPNE8792X,10/09/2018,SAR174,247
AJFHA5635Z,10/09/2018,SAR174,248
LFCPO2706X,10/09/2018,SAR174,249
UNQSY8429F,10/09/2018,SAR174,0
WJAGW6849A,10/09/2018,SAR174,1
VJSEU1912F,10/09/2018,SAR174,2
TPYTS5919O,09/22/2018,LH727,3
HVJON7907G,09/22/2018,LH727,4
MDYIU5687H,09/22/2018,LH727,5
FIYMM2937P,09/22/2018,LH727,6
REHLY2797T,09/22/2018,LH727,7
SFAPY6433O,09/22/2018,LH727,8
ZPNER3914F,09/22/2018,LH727,9
WVYWA9432O,09/22/2018,LH727,10
FAFJN4005R,09/22/2018,LH727,11
EFPTI6731B,09/22/2018,LH727,12
DFGMF1247X,09/22/2018,LH727,13
DBJDV6741K,09/22/2018,LH727,14
CHICV3309M,09/22/2018,LH727,15
HGNGF2632A,09/22/2018,LH727,16
TWKJH7579T,09/22/2018,LH727,17
XDYQL1602L,09/22/2018,LH727,18
MRCNQ2576U,09/22/2018,LH727,19
AZAMW8710D,09/22/2018,LH727,20
HBBDF8846R,09/22/2018,LH727,21
MHSHQ7420Y,09/22/2018,LH727,22
GMYUL4464G,09/22/2018,LH727,23
CGIVP2304P,09/22/2018,LH727,24
WJIWN6391O,09/22/2018,LH727,25
TMXJA2691A,09/22/2018,LH727,26
NFXKU6289L,09/22/2018,LH727,27
SGKXF4619K,01/09/2018,AC243,28
MQFMB1556I,02/18/2018,LH339,29
EOXBZ5754U,02/18/2018,LH339,30
EEYTG5697L,02/18/2018,LH339,31
FKXGL1051T,02/18/2018,LH339,32
OCERJ9435B,02/18/2018,LH339,33
XOVCK7804W,02/18/2018,LH339,34
KZMAH0303U,02/18/2018,LH339,35
DDKKC3811B,02/18/2018,LH339,36
DYYJC8818K,02/18/2018,LH339,37
XREXX0833Y,02/18/2018,LH339,38
VJTCW9526X,02/18/2018,LH339,39
GJVAE9106D,02/18/2018,LH339,40
NEQVN9510L,02/18/2018,LH339,41
SXFGU4667S,02/18/2018,LH339,42
PKEZJ0293Y,02/18/2018,LH339,43
DECEO6187R,02/18/2018,LH339,44
HAZBB7386D,02/18/2018,LH339,45
OPONJ9956C,02/18/2018,LH339,46
YCXMM6850W,02/18/2018,LH339,47
XTWZU1180K,02/18/2018,LH339,48
UHNJT2919I,02/18/2018,LH339,49
LMQPA2950F,02/18/2018,LH339,50
SMYMD8566M,02/18/2018,LH339,51
LJPGN2205U,02/18/2018,LH339,52
BLMSW4112I,02/18/2018,LH339,53
WEBAL2921F,02/18/2018,LH339,54
AAELR9290F,02/18/2018,LH339,55
MAZPX7396R,02/18/2018,LH339,56
VSXNK2080N,02/18/2018,LH339,57
IOIDM9909C,02/18/2018,LH339,58
VIZWZ9831C,02/18/2018,LH339,59
NHVFT0930C,02/18/2018,LH339,60
YJVWB2696V,02/18/2018,LH339,61
AKTRG2665N,02/18/2018,LH339,62
PKVBR4499V,02/18/2018,LH339,63
ZTKHI6065Z,02/18/2018,LH339,64
SUOCP6623S,02/18/2018,LH339,65
VLHTT3598K,02/18/2018,LH339,66
YBMIU8961A,02/18/2018,LH339,67
FBNMI4216P,02/18/2018,LH339,68
EORJZ0766Y,02/18/2018,LH339,69
MLUSF3935M,02/18/2018,LH339,70
JDFHR3296W,02/18/2018,LH339,71
ZSGBR2906A,02/18/2018,LH339,72
JMRRV8904L,02/18/2018,LH339,73
VSLPD1903W,02/18/2018,LH339,74
NGTFW2029I,02/18/2018,LH339,75
DNPRQ4167X,02/18/2018,LH339,76
EHKYE1924C,02/18/2018,LH339,77
MFNQQ8064E,02/18/2018,LH339,78
HCQSH3089Z,02/18/2018,LH339,79
AWFEP0216A,02/18/2018,LH339,80
WLPIZ4883F,02/18/2018,LH339,81
JKGBH8342P,02/18/2018,LH339,82
TIWHO4004U,02/18/2018,LH339,83
GYPVR6912B,02/18/2018,LH339,84
ALMUH9600P,02/18/2018,LH339,85
SPRNC2784M,02/18/2018,LH339,86
ZPIWH7654L,02/18/2018,LH339,87
TUXCV6635M,02/18/2018,LH339,88
MJZXK8455V,02/18/2018,LH339,89
TLNOH7545T,02/18/2018,LH339,90
TIPEU4357E,02/18/2018,LH339,91
JVZHT0895L,02/18/2018,LH339,92
TKBFU8998Y,02/18/2018,LH339,93
HHPVF1012K,02/18/2018,LH339,94
KTBZY8590G,02/18/2018,LH339,95
PDKWS5313K,02/18/2018,LH339,96
CLXVR4897Q,02/18/2018,LH339,97
TAYNC8239J,02/18/2018,LH339,98
UAMIP4850P,02/18/2018,LH339,99
XQOUM2502I,02/18/2018,LH339,100
NNLSR5201Z,02/18/2018,LH339,101
CSESA5603V,02/18/2018,LH339,102
JWQZN5125M,02/18/2018,LH339,103
YJOTL6863E,02/18/2018,LH339,104
GTIHO6900T,02/18/2018,LH339,105
ZITBT6944Y,02/18/2018,LH339,106
JUULE2221K,02/18/2018,LH339,107
HCDWZ9239R,02/18/2018,LH339,108
FRNKQ1689A,02/18/2018,LH339,109
CFEUT7400I,02/18/2018,LH339,110
NKULF8438W,02/18/2018,LH339,111
NFXEG4578Y,02/18/2018,LH339,112
SJTCE1972I,02/18/2018,LH339,113
ETKIF6648N,02/18/2018,LH339,114
RTRWJ4511O,02/18/2018,LH339,115
MCTDE8011G,02/18/2018,LH339,116
AYKSP2819H,02/18/2018,LH339,117
PHERL6821O,02/18/2018,LH339,118
EIASC5467G,02/18/2018,LH339,119
YRHNI7975P,02/18/2018,LH339,120
DDVPV6562N,02/18/2018,LH339,121
ASBVJ7521Z,02/18/2018,LH339,122
IVESC1302E,02/18/2018,LH339,123
JBJQF0840R,02/18/2018,LH339,124
AWAAI4511N,02/18/2018,LH339,125
LKPMG6573J,02/18/2018,LH339,126
MXLZS9684G,02/18/2018,LH339,127
ZFSTK1436Y,02/18/2018,LH339,128
ILCNB0203N,02/18/2018,LH339,129
TFTOC9137Z,02/18/2018,LH339,130
NOETJ6968A,02/18/2018,LH339,131
OICPP2489W,02/18/2018,LH339,132
OIEQT5673B,02/18/2018,LH339,133
COVRS6146F,02/18/2018,LH339,134
URWIA3203U,02/18/2018,LH339,135
OJMPG7945R,02/18/2018,LH339,136
WJFLX0697Q,02/18/2018,LH339,137
JHDHK8330S,02/18/2018,LH339,138
DCQDO6249F,02/18/2018,LH339,139
MEAUO2469E,02/18/2018,LH339,140
SOSSW1178E,02/18/2018,LH339,141
KQEBK2632S,02/18/2018,LH339,142
XQLLN3958N,02/18/2018,LH339,143
OJEMU1353F,02/18/2018,LH339,144
KKTOI3406A,02/18/2018,LH339,145
JSAXR0133X,02/18/2018,LH339,146
CJYYV7685K,02/18/2018,LH339,147
XRHDX5949W,02/18/2018,LH339,148
GTVVE8236U,02/18/2018,LH339,149
CZYGZ1079W,02/18/2018,LH339,150
VGFTZ2512Y,02/18/2018,LH339,151
GCSKF1281L,02/18/2018,LH339,152
AWMRE7257T,02/18/2018,LH339,153
NAGHG0711I,02/18/2018,LH339,154
DMYXR1170J,02/18/2018,LH339,155
TQVRX7810A,02/18/2018,LH339,156
OELUL4201U,02/18/2018,LH339,157
SRIJV9647P,02/18/2018,LH339,158
NDHUU0916V,02/18/2018,LH339,159
ZBUUI9458A,02/18/2018,LH339,160
RTNDO3471M,02/18/2018,LH339,161
XHROF7389N,02/18/2018,LH339,162
PGJQG4921N,02/18/2018,LH339,163
QEVIW4016Y,02/18/2018,LH339,164
TOWUM9337V,02/18/2018,LH339,165
CWNRJ2551V,02/18/2018,LH339,166
NVYHO9018P,02/18/2018,LH339,167
COIKX3332R,02/18/2018,LH339,168
DVBKE5829Z,02/18/2018,LH339,169
NZBUC9206I,02/18/2018,LH339,170
KTOOE4500F,02/18/2018,LH339,171
VBYKY6798E,02/18/2018,LH339,172
RWLJE3385Q,02/18/2018,LH339,173
IEJMK1790J,02/18/2018,LH339,174
SVHLL0045N,02/18/2018,LH339,175
QEQPY3330K,02/18/2018,LH339,176
SEEIW1970L,02/18/2018,LH339,177
XSBUM0909S,02/18/2018,LH339,178
TUVFC0952U,02/18/2018,LH339,179
CKZJL4923F,02/18/2018,LH339,180
DCGRK6359O,02/18/2018,LH339,181
DORXD7250T,02/18/2018,LH339,182
OEFVV1907A,02/18/2018,LH339,183
MOJUN0817Z,02/18/2018,LH339,184
TKTTG7446S,02/18/2018,LH339,185
NINXW0055P,02/18/2018,LH339,186
TPAWO5924L,02/18/2018,LH339,187
BTQBT4191W,02/18/2018,LH339,188
ZSGDV1142Q,02/18/2018,LH339,189
LUYFM8951Q,02/18/2018,LH339,190
VTVWN0955W,02/18/2018,LH339,191
TBWTR0064F,02/18/2018,LH339,192
NRKTZ8316B,02/18/2018,LH339,193
QDFDA3225G,02/18/2018,LH339,194
DXRRS7467D,02/18/2018,LH339,195
ZBULZ8151G,02/18/2018,LH339,196
DDUDU6436D,02/18/2018,LH339,197
QSZJB7743Z,02/18/2018,LH339,198
YCTQF1855T,02/18/2018,LH339,199
YIDPX6455J,02/18/2018,LH339,200
DUTYT7950R,02/18/2018,LH339,201
RVOBK8291X,02/18/2018,LH339,202
YVKHF2677Z,02/18/2018,LH339,203
OKOAZ7644Q,02/18/2018,LH339,204
BDSKL7577Q,02/18/2018,LH339,205
JCSDO3543J,02/18/2018,LH339,206
AMZPQ0929L,02/18/2018,LH339,207
HPSKZ5427I,02/18/2018,LH339,208
JZZSP0111T,02/18/2018,LH339,209
HYGNJ5853U,02/18/2018,LH339,210
YPKHI6452V,02/18/2018,LH339,211
EUXFW0030Z,02/18/2018,LH339,212
ASLKK1481G,02/18/2018,LH339,213
MEQZO4602Q,02/18/2018,LH339,214
TDWOX3725L,02/18/2018,LH339,215
CQPFN0833F,02/18/2018,LH339,216
SCHIX3432P,02/18/2018,LH339,217
QWQNG1443U,02/18/2018,LH339,218
NVVWV2681V,02/18/2018,LH339,219
VWOUX3606P,02/18/2018,LH339,220
RRDRL9315B,02/18/2018,LH339,221
NDECA3251U,02/18/2018,LH339,222
CTNJY4316I,02/18/2018,LH339,223
OEDUX8705F,02/18/2018,LH339,224
LDIED5922G,02/18/2018,LH339,225
ZFEDP7959S,02/18/2018,LH339,226
NARKC9158Z,02/18/2018,LH339,227
JAWIQ6682Q,02/18/2018,LH339,228
CQEFR1876V,02/18/2018,LH339,229
IXNFP1509P,02/18/2018,LH339,230
PQAZT7221B,02/18/2018,LH339,231
FFPZW5529D,02/18/2018,LH339,232
DKMCB8829T,02/18/2018,LH339,233
FQNIE7926M,02/18/2018,LH339,234
GAZMI1213N,02/18/2018,LH339,235
BMDOL0403N,02/18/2018,LH339,236
WSTOR6699A,02/18/2018,LH339,237
NYRAZ5896S,05/04/2018,ALT452,238
SRMXE9672F,05/04/2018,ALT452,239
AXMVB8538Z,05/04/2018,ALT452,240
AWZXJ4995C,05/04/2018,ALT452,241
NCVGD1313S,05/04/2018,ALT452,242
WDNTS3596K,05/04/2018,ALT452,243
FEQBF1860S,05/04/2018,ALT452,244
DFJKE0798E,05/04/2018,ALT452,245
ORFFM3581I,05/04/2018,ALT452,246
HZKCA2715Y,05/04/2018,ALT452,247
KACRM0951V,05/04/2018,ALT452,248
BXEHW2444T,05/04/2018,ALT452,249
KQMYB4722O,05/04/2018,ALT452,0
WKGYP1372Y,05/04/2018,ALT452,1
BTTTN4737P,05/04/2018,ALT452,2
VARIM4578V,05/04/2018,ALT452,3
DQLRD1702T,05/04/2018,ALT452,4
VJHYS8680W,05/04/2018,ALT452,5
QCZVQ4135B,05/04/2018,ALT452,6
NMMON2421E,05/04/2018,ALT452,7
ALUNI8032P,05/04/2018,ALT452,8
ROFEB0748C,05/04/2018,ALT452,9
ZAOEB9934U,05/04/2018,ALT452,10
OMFQJ5128N,05/04/2018,ALT452,11
ORXUR7054F,05/04/2018,ALT452,12
ZOXCD5653L,05/04/2018,ALT452,13
SJDCI7509G,05/04/2018,ALT452,14
LDJFX1348S,05/04/2018,ALT452,15
VLQFZ5577D,05/04/2018,ALT452,16
NMYFJ5979H,05/04/2018,ALT452,17
HPCEV7321T,05/04/2018,ALT452,18
XGPUI2164M,05/04/2018,ALT452,19
EFLPE2166T,05/04/2018,ALT452,20
FJBFF5231N,05/04/2018,ALT452,21
IFPDB4735J,05/04/2018,ALT452,22
TSUZF1238J,05/04/2018,ALT452,23
AYQAB9915K,05/04/2018,ALT452,24
RMYOY4106L,05/04/2018,ALT452,25
SRIMP9021B,05/04/2018,ALT452,26
TDMOP6264W,05/04/2018,ALT452,27
KJPHP1915T,05/04/2018,ALT452,28
JCYNM9497Z,05/04/2018,ALT452,29
VXGYQ8448Y,05/04/2018,ALT452,30
MMYRS5564U,05/04/2018,ALT452,31
TYABE4799H,05/04/2018,ALT452,32
WONUK4387T,05/04/2018,ALT452,33
BIYXB4889H,05/04/2018,ALT452,34
MOFUX6904M,05/04/2018,ALT452,35
GAVLO1135Z,05/04/2018,ALT452,36
KNUJV2500E,05/04/2018,ALT452,37
FEGKP4524H,05/04/2018,ALT452,38
UTRFP6375Z,05/04/2018,ALT452,39
XQDGV5949A,05/04/2018,ALT452,40
LEUGM2547A,05/04/2018,ALT452,41
KDERQ5146D,05/04/2018,ALT452,42
BDQEE1740W,05/04/2018,ALT452,43
BDHQI5940Q,05/04/2018,ALT452,44
NQHKN4725T,05/04/2018,ALT452,45
MXQCK3194S,05/04/2018,ALT452,46
HNKIM8773Z,05/04/2018,ALT452,47
XDBNJ8999P,05/04/2018,ALT452,48
WGVOP7073R,05/04/2018,ALT452,49
UTWSX2272R,05/04/2018,ALT452,50
KMPZI6291Q,05/04/2018,ALT452,51
GZGHI6360K,05/04/2018,ALT452,52
MWMAN7099T,05/04/2018,ALT452,53
MWZGT4673Y,05/04/2018,ALT452,54
SJBAR7945S,05/04/2018,ALT452,55
ESGWD5427R,05/04/2018,ALT452,56
TMZQY1425Z,05/04/2018,ALT452,57
RDUDY6520X,05/04/2018,ALT452,58
NMKKP9305O,05/04/2018,ALT452,59
NCLMV8208V,05/04/2018,ALT452,60
FSEUK2007Q,05/04/2018,ALT452,61
GLQSQ1980I,05/04/2018,ALT452,62
LOIIH7325G,05/04/2018,ALT452,63
YGVCD3478T,05/04/2018,ALT452,64
CQCQD9138A,05/04/2018,ALT452,65
TZAHL4179G,05/04/2018,ALT452,66
ENBKD8982Y,05/04/2018,ALT452,67
KEKPZ8159Z,05/04/2018,ALT452,68
YSFZM2997C,05/04/2018,ALT452,69
TCUVL2210D,05/04/2018,ALT452,70
TVGLC6732A,05/04/2018,ALT452,71
SKVNZ8161Q,05/04/2018,ALT452,72
FRGFY4881E,05/04/2018,ALT452,73
SJJWN5151V,05/04/2018,ALT452,74
PANKZ9932Y,05/04/2018,ALT452,75
CIZKR4690T,05/04/2018,ALT452,76
DXFOQ9930N,05/04/2018,ALT452,77
EOJEC6617A,05/04/2018,ALT452,78
UAURP0077C,05/04/2018,ALT452,79
OWPNG6214J,05/04/2018,ALT452,80
VFXXV0038V,05/04/2018,ALT452,81
XCOYD1942K,05/04/2018,ALT452,82
TOJBU2261P,05/04/2018,ALT452,83
KYYVP0372B,05/04/2018,ALT452,84
YKLXD8322Z,05/04/2018,ALT452,85
LLPMD8679M,05/04/2018,ALT452,86
GKOBV9074Z,05/04/2018,ALT452,87
GKPIH4531R,05/04/2018,ALT452,88
QEKWR6896M,05/04/2018,ALT452,89
DGETC8911F,05/04/2018,ALT452,90
KWCRV1598G,05/04/2018,ALT452,91
GCPDW1047V,05/04/2018,ALT452,92
PITLE7218R,05/04/2018,ALT452,93
YQKZA7436I,05/04/2018,ALT452,94
UVNEZ7352F,05/04/2018,ALT452,95
JMSAX2527U,05/04/2018,ALT452,96
ECMBU5651Y,05/04/2018,ALT452,97
RDKNL1580Y,05/04/2018,ALT452,98
WHYLL4854V,05/04/2018,ALT452,99
TPMMY6013S,05/04/2018,ALT452,100
DYJXY2366L,05/04/2018,ALT452,101
ADTXL6109C,05/04/2018,ALT452,102
PTFMH2857J,05/04/2018,ALT452,103
QTQST1856K,05/04/2018,ALT452,104
HHKAK6702T,05/04/2018,ALT452,105
EOBCW0672Z,05/04/2018,ALT452,106
WNXBJ3844C,05/04/2018,ALT452,107
SMMMG3343M,05/04/2018,ALT452,108
VZBJV7591E,05/04/2018,ALT452,109
WDPWG6888J,05/04/2018,ALT452,110
UCLYX6003J,05/04/2018,ALT452,111
GAIDC8819I,05/04/2018,ALT452,112
NRXKZ1939Q,05/04/2018,ALT452,113
LAQGX0637J,05/04/2018,ALT452,114
QLCBT0019E,05/04/2018,ALT452,115
IHEJE1645X,05/04/2018,ALT452,116
XFXTW4059D,05/04/2018,ALT452,117
YOGPS5373Z,05/04/2018,ALT452,118
NYZKP0006Q,05/04/2018,ALT452,119
PDWGS3972Z,05/04/2018,ALT452,120
VZDNW1344G,05/04/2018,ALT452,121
FQZBK1688N,05/04/2018,ALT452,122
IXGAT1754U,05/04/2018,ALT452,123
LMEQG6460K,05/04/2018,ALT452,124
ASMEO4714V,05/04/2018,ALT452,125
CGWFU8398F,05/04/2018,ALT452,126
RNJEJ7051U,05/04/2018,ALT452,127
RPLOF0956A,05/04/2018,ALT452,128
MEOXK2714R,05/04/2018,ALT452,129
VEDUL4058L,05/04/2018,ALT452,130
BRZUK5413M,05/04/2018,ALT452,131
XLBYR2974H,05/04/2018,ALT452,132
CTAGD8264M,05/04/2018,ALT452,133
ETNII0337Z,05/04/2018,ALT452,134
OZCFK8231M,05/04/2018,ALT452,135
VBIMY5590R,05/04/2018,ALT452,136
IDJWZ9944C,05/04/2018,ALT452,137
OFBBC5383U,05/04/2018,ALT452,138
JRVSU0211I,05/04/2018,ALT452,139
JVIMH8062L,05/04/2018,ALT452,140
SUFIE8803R,05/04/2018,ALT452,141
IUOJX3719T,05/04/2018,ALT452,142
BIZUI6857B,05/04/2018,ALT452,143
VMFDJ5467O,05/04/2018,ALT452,144
LSXXJ6760O,05/04/2018,ALT452,145
JQPWB4983T,05/04/2018,ALT452,146
SEIVB9940S,05/04/2018,ALT452,147
BAPKS0949B,05/04/2018,ALT452,148
KTDWM1041C,05/04/2018,ALT452,149
ATOMY1816T,05/04/2018,ALT452,150
KMBRJ6266Y,05/04/2018,ALT452,151
LOEUL2047K,05/04/2018,ALT452,152
DTYGG5765W,05/04/2018,ALT452,153
XJLAD3518I,05/04/2018,ALT452,154
OFWLC4799P,05/04/2018,ALT452,155
SDIEG8443Y,05/04/2018,ALT452,156
XZNTJ5910Q,05/04/2018,ALT452,157
EHOOU7587L,05/04/2018,ALT452,158
HZOXG9937M,05/04/2018,ALT452,159
ZIHMA3778B,05/04/2018,ALT452,160
OVIUV7255T,05/04/2018,ALT452,161
EUXQJ4946X,05/04/2018,ALT452,162
IKOFH5670X,05/04/2018,ALT452,163
OPFPA9267K,05/04/2018,ALT452,164
DKNRZ9867I,05/04/2018,ALT452,165
NQWOX9572U,05/04/2018,ALT452,166
AKXXP2967F,05/04/2018,ALT452,167
ZXWLC2336X,05/04/2018,ALT452,168
QIWKO5387D,05/04/2018,ALT452,169
VZVFJ4038Z,05/04/2018,ALT452,170
SFGVZ1267E,05/04/2018,ALT452,171
HEOXU9853Z,05/04/2018,ALT452,172
CKFCF7383M,05/04/2018,ALT452,173
BFJCL8881K,05/04/2018,ALT452,174
JVGHI2597C,05/04/2018,ALT452,175
LXYKV4658Y,05/04/2018,ALT452,176
JLXSK2567U,05/04/2018,ALT452,177
JJACI1848I,05/04/2018,ALT452,178
XCTBK8223X,05/04/2018,ALT452,179
WAJNX3671X,05/04/2018,ALT452,180
CVFKW6328T,05/04/2018,ALT452,181
DOCEF2856B,05/04/2018,ALT452,182
ZXSVG6675J,05/04/2018,ALT452,183
CYACE1693O,05/04/2018,ALT452,184
LYACJ0561G,05/04/2018,ALT452,185
HZZLF8394J,05/04/2018,ALT452,186
QJHDN1203A,05/04/2018,ALT452,187
NJFLU0077Z,05/04/2018,ALT452,188
LFVTS1850I,05/04/2018,ALT452,189
KPBVG8035Y,05/04/2018,ALT452,190
OWIEF8627N,05/04/2018,ALT452,191
IWSBE8911H,05/04/2018,ALT452,192
AYXIS9556E,05/04/2018,ALT452,193
WLISB7418Z,05/04/2018,ALT452,194
LIYOT9755U,05/04/2018,ALT452,195
IHDEQ2317J,05/04/2018,ALT452,196
WQCWT3249S,05/04/2018,ALT452,197
BCIEM4639B,05/04/2018,ALT452,198
ECDOB2802G,05/04/2018,ALT452,199
BJOPG2376P,05/04/2018,ALT452,200
PCWCT6303X,05/04/2018,ALT452,201
UDPLN3539C,05/04/2018,ALT452,202
NGUOM4813O,05/04/2018,ALT452,203
NWAEY4417X,05/04/2018,ALT452,204
TGVHX2611G,05/04/2018,ALT452,205
WGKCL9639G,05/04/2018,ALT452,206
PSUIX7242O,05/04/2018,ALT452,207
YKLZQ5487G,05/04/2018,ALT452,208
OBJLU2693B,05/04/2018,ALT452,209
QMGJD0092Z,05/04/2018,ALT452,210
MQTRR9616A,05/04/2018,ALT452,211
DUASA4558T,05/04/2018,ALT452,212
IQDBT2356V,05/04/2018,ALT452,213
CTUXV3612F,05/04/2018,ALT452,214
CDDTB3932P,05/04/2018,ALT452,215
OHFUR1021W,05/04/2018,ALT452,216
CVTCJ7172K,05/04/2018,ALT452,217
NPPIO8569M,05/04/2018,ALT452,218
EVIRZ2944W,05/04/2018,ALT452,219
NFWCG7874O,05/04/2018,ALT452,220
PEMKD5373I,05/04/2018,ALT452,221
QAUZD4980P,05/04/2018,ALT452,222
ZIWQG9733K,05/04/2018,ALT452,223
IBDAB4123L,05/04/2018,ALT452,224
WLTBS1893Y,05/04/2018,ALT452,225
TFTHN5436H,05/04/2018,ALT452,226
MGTVA1617N,05/04/2018,ALT452,227
TPZLK0112L,05/04/2018,ALT452,228
RQCRV8218Y,05/04/2018,ALT452,229
DFCDX0310B,05/04/2018,ALT452,230
CITOK4616V,05/04/2018,ALT452,231
OMWFP1459N,05/04/2018,ALT452,232
RJASU0982C,05/04/2018,ALT452,233
ZVHSF1167E,05/04/2018,ALT452,234
HOBGR2486Z,05/04/2018,ALT452,235
TNQZA8862K,05/04/2018,ALT452,236
LASSD8091R,05/04/2018,ALT452,237
FFJHR7458X,10/06/2018,KLM155,238
WVMII5820M,10/06/2018,KLM155,239
ZMHSK9403E,10/06/2018,KLM155,240
TMBGW5334P,10/06/2018,KLM155,241
XDPKB8783D,10/06/2018,KLM155,242
NQDVX8741R,10/06/2018,KLM155,243
QEASM8520B,10/06/2018,KLM155,244
RHVVA9758U,10/06/2018,KLM155,245
DPWLZ4947F,10/06/2018,KLM155,246
FQNFX6950X,10/06/2018,KLM155,247
DLGHV4200Y,10/06/2018,KLM155,248
VYGGX5478R,10/06/2018,KLM155,249
AXRBY4690C,10/06/2018,KLM155,0
ZTFLF8128M,10/06/2018,KLM155,1
NJHBL3962G,10/06/2018,KLM155,2
GPLBP6992K,10/06/2018,KLM155,3
YTGYB9657B,10/06/2018,KLM155,4
MOOXX2216V,10/06/2018,KLM155,5
BOBBZ0579R,10/06/2018,KLM155,6
KKFFO0925X,10/06/2018,KLM155,7
TNMPY3228C,10/06/2018,KLM155,8
CNTDX4121B,10/06/2018,KLM155,9
LTDCW6756W,10/06/2018,KLM155,10
OZCCK8913B,10/06/2018,KLM155,11
JELVB1437X,10/06/2018,KLM155,12
WSSSI8384H,10/06/2018,KLM155,13
YPQJZ7028O,10/06/2018,KLM155,14
SUXPK6836F,10/06/2018,KLM155,15
MIPLL7822M,10/06/2018,KLM155,16
XQYQA3672Z,10/06/2018,KLM155,17
QLDZD9780O,10/06/2018,KLM155,18
LAYLR7353K,10/06/2018,KLM155,19
MDVPD8090H,10/06/2018,KLM155,20
PEYDJ0138H,10/06/2018,KLM155,21
IHWOR3911O,10/06/2018,KLM155,22
FSJZI4545I,10/06/2018,KLM155,23
DWMXY8255C,10/06/2018,KLM155,24
SARLT7134W,10/06/2018,KLM155,25
XQQSC3183Y,10/06/2018,KLM155,26
KVWPW8172O,10/06/2018,KLM155,27
TVRNQ7851J,10/06/2018,KLM155,28
LZIOS3527V,10/06/2018,KLM155,29
EQSOW0098M,10/06/2018,KLM155,30
BTYWL2461F,10/06/2018,KLM155,31
GIVHK6758D,10/06/2018,KLM155,32
PMUIK6927E,10/06/2018,KLM155,33
ITXUA4030M,10/06/2018,KLM155,34
MNFIZ7168U,10/06/2018,KLM155,35
GAZQP8567P,10/06/2018,KLM155,36
MFQKW5299X,10/06/2018,KLM155,37
QOPPH1746K,10/06/2018,KLM155,38
NCBTO6053N,10/06/2018,KLM155,39
QSBTE1360X,10/06/2018,KLM155,40
KMLKI8012U,10/06/2018,KLM155,41
OKYZK9658A,10/06/2018,KLM155,42
TJRBU3840I,10/06/2018,KLM155,43
GPZTD4935Q,10/06/2018,KLM155,44
CKTTH4367R,10/06/2018,KLM155,45
CHJMS3288R,10/06/2018,KLM155,46
PCSES6481J,10/06/2018,KLM155,47
BOGCR4487H,10/06/2018,KLM155,48
ZPMJM6562C,10/06/2018,KLM155,49
DMOHD0852M,10/06/2018,KLM155,50
TSZMR5809J,10/06/2018,KLM155,51
SXTUD9908K,10/06/2018,KLM155,52
JEGSR9390E,10/06/2018,KLM155,53
WOKZT0211Q,10/06/2018,KLM155,54
XXHAM9330D,10/06/2018,KLM155,55
MWOLE0552V,10/06/2018,KLM155,56
PDRMD0430Y,10/06/2018,KLM155,57
XLHVX7831H,10/06/2018,KLM155,58
XXZDX0114O,10/06/2018,KLM155,59
XDKHE5747N,10/06/2018,KLM155,60
VDBXA0534C,10/06/2018,KLM155,61
RPJDB5106O,10/06/2018,KLM155,62
LPMXA8731K,10/06/2018,KLM155,63
CMZMC3668W,10/06/2018,KLM155,64
LHLDE7351W,10/06/2018,KLM155,65
ULIGH4556Z,10/06/2018,KLM155,66
CIEFW8204A,10/06/2018,KLM155,67
NHINT3303B,10/06/2018,KLM155,68
KONDP4796V,10/06/2018,KLM155,69
ESYWF2843K,10/06/2018,KLM155,70
IGIUJ8656Y,10/06/2018,KLM155,71
WRBNX4587N,10/06/2018,KLM155,72
PJLWO4006R,10/06/2018,KLM155,73
FWLIK2850J,10/06/2018,KLM155,74
FAUJA9712A,10/06/2018,KLM155,75
RSIEX6190I,10/06/2018,KLM155,76
JMDYA0573J,10/06/2018,KLM155,77
ULQHK7159Z,10/06/2018,KLM155,78
RAATO7329E,10/06/2018,KLM155,79
DXEIA4468B,10/06/2018,KLM155,80
JADLM0678G,10/06/2018,KLM155,81
RGTYA7855C,10/06/2018,KLM155,82
PXGBI9355H,10/06/2018,KLM155,83
HFJIA3706G,10/06/2018,KLM155,84
CVXKW7924C,10/06/2018,KLM155,85
SONHF8193H,10/06/2018,KLM155,86
VNYPL2800G,10/06/2018,KLM155,87
WYLJH7304C,10/06/2018,KLM155,88
JKIPO6356C,10/06/2018,KLM155,89
AZHOZ3680Y,10/06/2018,KLM155,90
ACYQR1927D,10/06/2018,KLM155,91
JLBJQ7583M,10/06/2018,KLM155,92
MJEJJ0672N,10/06/2018,KLM155,93
CMZKQ8620C,10/06/2018,KLM155,94
FXEAD4188O,10/06/2018,KLM155,95
BXUTN3847A,10/06/2018,KLM155,96
PNMOR3509I,10/06/2018,KLM155,97
YMRRF2686T,10/06/2018,KLM155,98
EEHNK9331F,10/06/2018,KLM155,99
KGGTI1894J,10/06/2018,KLM155,100
WFWZT7681Z,10/06/2018,KLM155,101
VALWC9505M,10/06/2018,KLM155,102
BJAYI9685A,10/06/2018,KLM155,103
QRRFU5307X,10/06/2018,KLM155,104
NFRPJ9260V,10/06/2018,KLM155,105
DMONA0484W,10/06/2018,KLM155,106
AOSED9069O,10/06/2018,KLM155,107
LBRJX6166Y,10/06/2018,KLM155,108
KPYEI5837E,10/06/2018,KLM155,109
FJRPM2043I,10/06/2018,KLM155,110
OUPCK7762H,10/06/2018,KLM155,111
WZSEX0522Q,10/06/2018,KLM155,112
CMDVY8818P,10/06/2018,KLM155,113
MVNNB4444P,10/06/2018,KLM155,114
JLMHG7175C,10/06/2018,KLM155,115
XXKJB4297W,10/06/2018,KLM155,116
WJQDE6818L,10/06/2018,KLM155,117
YKGCR8186B,10/06/2018,KLM155,118
RYYPH7858M,10/06/2018,KLM155,119
UJMQN7700N,10/06/2018,KLM155,120
OSFWA0303Y,10/06/2018,KLM155,121
DZKOP3757C,10/06/2018,KLM155,122
BCJJB6967M,10/06/2018,KLM155,123
ALDCC5217Z,10/06/2018,KLM155,124
IJLIX5612P,10/06/2018,KLM155,125
REBLJ7804Z,10/06/2018,KLM155,126
PHCHQ0068H,10/06/2018,KLM155,127
ENTVZ3337G,10/06/2018,KLM155,128
UIDOF7662Z,10/06/2018,KLM155,129
XBIQC3058L,10/06/2018,KLM155,130
NEVEV3235K,10/06/2018,KLM155,131
VTTVC6781B,10/06/2018,KLM155,132
ZVNZW9417L,10/06/2018,KLM155,133
JGTEM6058S,10/06/2018,KLM155,134
AWRJY2848U,10/06/2018,KLM155,135
BARPW7842I,10/06/2018,KLM155,136
YXXSG9029F,10/06/2018,KLM155,137
ZEDPF5219R,10/06/2018,KLM155,138
SYEBN5422L,10/06/2018,KLM155,139
FONDV4334Y,10/06/2018,KLM155,140
HBAAK7155B,10/06/2018,KLM155,141
NOMRD2988M,10/06/2018,KLM155,142
SDBYT6028K,10/06/2018,KLM155,143
STCNU2110J,10/06/2018,KLM155,144
RQFFB9580K,10/06/2018,KLM155,145
ZCZRW7741O,10/06/2018,KLM155,146
WFHDS8356L,10/06/2018,KLM155,147
OQIGN1252R,10/06/2018,KLM155,148
DZCPX5330W,10/06/2018,KLM155,149
AKULG8995T,10/06/2018,KLM155,150
ESCVT9655T,10/06/2018,KLM155,151
BCOBN9537Q,10/06/2018,KLM155,152
YQSTR7843X,10/06/2018,KLM155,153
JRFKH4789R,10/06/2018,KLM155,154
SWXXL3967S,10/06/2018,KLM155,155
XEOOZ1327D,10/06/2018,KLM155,156
RTJUL3980M,10/06/2018,KLM155,157
XTZVT3781Z,10/06/2018,KLM155,158
CDMES6300U,10/06/2018,KLM155,159
SYIGQ8048J,10/06/2018,KLM155,160
TVKKQ1827Y,10/06/2018,KLM155,161
RFFXO1210X,10/06/2018,KLM155,162
XRPEI7011D,10/06/2018,KLM155,163
JRGDT8706P,10/06/2018,KLM155,164
EATUN6131T,10/06/2018,KLM155,165
LUHFD7523D,10/06/2018,KLM155,166
VNMED9033R,10/06/2018,KLM155,167
RAMKC4085X,10/06/2018,KLM155,168
FPXQC0892E,10/06/2018,KLM155,169
LDEZR6936F,10/06/2018,KLM155,170
OACJW8704S,10/06/2018,KLM155,171
YFKHL4737Y,10/27/2018,AI760,172
FAGRZ0218O,08/31/2018,AI760,173
ZZZKS8933D,08/31/2018,AI760,174
SPLZX0633O,08/31/2018,AI760,175
XDUUW9605Y,08/31/2018,AI760,176
RWFTE5979A,08/31/2018,AI760,177
WOFOD0620E,08/31/2018,AI760,178
BATWF5748E,08/31/2018,AI760,179
AZXHM3873O,08/31/2018,AI760,180
XXBRJ9570F,08/31/2018,AI760,181
SLXQQ3208V,08/31/2018,AI760,182
KZZHM9322F,08/31/2018,AI760,183
UETBV2357T,08/31/2018,AI760,184
DKEHK2781D,08/31/2018,AI760,185
OIWHY4462J,08/31/2018,AI760,186
BGDSZ2994G,08/31/2018,AI760,187
RDERY2987R,08/31/2018,AI760,188
WQPCP2488D,08/31/2018,AI760,189
GEJXK0842S,08/31/2018,AI760,190
YCQKJ0738T,08/31/2018,AI760,191
WFLDA7273E,08/31/2018,AI760,192
FADOL6020J,08/31/2018,AI760,193
DIUCE6912F,08/31/2018,AI760,194
DHTFI8139Z,08/31/2018,AI760,195
DXYQO6068K,08/31/2018,AI760,196
CUTMF7725R,08/31/2018,AI760,197
UQPAB7574I,08/31/2018,AI760,198
HYXVH7580N,08/31/2018,AI760,199
GYWSR6056I,08/31/2018,AI760,200
FIZSM1276N,08/31/2018,AI760,201
BRMTR1916S,08/31/2018,AI760,202
IEODJ1955H,08/31/2018,AI760,203
OMSQH2209J,08/31/2018,AI760,204
CMUXT6229E,08/31/2018,AI760,205
RGBSW2957T,08/31/2018,AI760,206
LGIHX9140X,08/31/2018,AI760,207
BHRNE5929O,08/31/2018,AI760,208
IFHMK7778H,08/31/2018,AI760,209
PNBQJ7712G,08/31/2018,AI760,210
YMJSZ9615Q,08/31/2018,AI760,211
HLFOY6090B,08/31/2018,AI760,212
HYCHG3488J,08/31/2018,AI760,213
CHFGO1120S,08/31/2018,AI760,214
XZNJX3096F,08/31/2018,AI760,215
DXNUC7107A,08/31/2018,AI760,216
UHFQE5934S,08/31/2018,AI760,217
GKPYK5476V,08/31/2018,AI760,218
CZPJX0597R,08/31/2018,AI760,219
JVUTH2327N,08/31/2018,AI760,220
WCVVK0378S,08/31/2018,AI760,221
BWVDU7017X,08/31/2018,AI760,222
CTUHL0361H,08/31/2018,AI760,223
PNDYE8859M,08/31/2018,AI760,224
VQGBI9087B,08/31/2018,AI760,225
LJSVU8300V,08/31/2018,AI760,226
DLLEJ5088S,08/31/2018,AI760,227
FRQLX2577G,08/31/2018,AI760,228
XTGVB1622B,08/31/2018,AI760,229
UGRSF4691H,08/31/2018,AI760,230
UHKWY1629G,08/31/2018,AI760,231
RFBZE5381D,08/31/2018,AI760,232
WSUHE8135I,08/31/2018,AI760,233
OUEQU7081A,08/31/2018,AI760,234
OWCTH6716Y,08/31/2018,AI760,235
MZDIQ0859M,08/31/2018,AI760,236
IHJTV1338M,08/31/2018,AI760,237
LMUPI5042U,08/31/2018,AI760,238
CMLDC1916X,08/31/2018,AI760,239
SZETX9832I,08/31/2018,AI760,240
OMPOR9284Z,08/31/2018,AI760,241
YUOOZ9897S,08/31/2018,AI760,242
SOOAN0050X,08/31/2018,AI760,243
OYFBW7529Z,08/31/2018,AI760,244
WALWX5545S,08/31/2018,AI760,245
MAVIY1332T,08/31/2018,AI760,246
DBORD3762V,08/31/2018,AI760,247
XCYEP0946C,08/31/2018,AI760,248
UTXOK4302K,08/31/2018,AI760,249
CMGHK2900A,08/31/2018,AI760,0
SSART0641X,08/31/2018,AI760,1
QKHGJ0968T,08/31/2018,AI760,2
QRRCU5751P,08/31/2018,AI760,3
QMKHJ1130T,08/31/2018,AI760,4
VLLYY5850N,08/31/2018,AI760,5
PJXCW0907R,08/31/2018,AI760,6
HOZAX8900J,08/31/2018,AI760,7
ZCBQW4870B,08/31/2018,AI760,8
WMCMR2390L,08/31/2018,AI760,9
XUZSK1041O,08/31/2018,AI760,10
DPBFW8839Q,08/31/2018,AI760,11
WILPI1407F,08/31/2018,AI760,12
QKCHH1842C,08/31/2018,AI760,13
SCSMY7688D,08/31/2018,AI760,14
TXXTV2571E,08/31/2018,AI760,15
YYRDY0565Q,08/31/2018,AI760,16
JTPFT0874Y,08/31/2018,AI760,17
CVFEY9368O,08/31/2018,AI760,18
LKFZE4782B,08/31/2018,AI760,19
XWCYK8349E,08/31/2018,AI760,20
ZXSSW3317Z,08/31/2018,AI760,21
IWIWF4830N,08/31/2018,AI760,22
KWPBC9703G,08/31/2018,AI760,23
ZGQLC4566T,08/31/2018,AI760,24
FUULM2039X,08/31/2018,AI760,25
MHNPD3682C,08/31/2018,AI760,26
REFBW2655S,08/31/2018,AI760,27
IWSUY3352D,08/31/2018,AI760,28
BCRIY5780F,08/31/2018,AI760,29
OWIKD2995P,08/31/2018,AI760,30
PLDUK8609G,08/31/2018,AI760,31
QXSIC8877O,08/31/2018,AI760,32
MJYRG0899B,08/31/2018,AI760,33
SADPA2500C,08/31/2018,AI760,34
GGGST7197Y,08/31/2018,AI760,35
EJWGM4098V,08/31/2018,AI760,36
TAJJA2302E,08/31/2018,AI760,37
TMACD8388V,08/31/2018,AI760,38
VYJUM9254K,08/31/2018,AI760,39
DFYOJ1220I,08/31/2018,AI760,40
KOKLM7969W,08/31/2018,AI760,41
IGETQ2211Y,08/31/2018,AI760,42
BPGFL2449I,08/31/2018,AI760,43
ZGXAI6764B,08/31/2018,AI760,44
USKJQ1071H,08/31/2018,AI760,45
CVDYE9084G,08/31/2018,AI760,46
FTGXC6452L,08/31/2018,AI760,47
FHGYM5735G,08/31/2018,AI760,48
XZJON6768H,08/31/2018,AI760,49
BBKXP0767G,08/31/2018,AI760,50
AFPPG7191J,08/31/2018,AI760,51
EBZDX1773S,08/31/2018,AI760,52
EBJRG5509M,08/31/2018,AI760,53
JOSID3241J,08/31/2018,AI760,54
BLQAP9136C,08/31/2018,AI760,55
NZNRX2101M,08/31/2018,AI760,56
AJNTW1628Y,08/31/2018,AI760,57
YMJNG9911W,08/31/2018,AI760,58
GHOQP7326M,08/31/2018,AI760,59
EPFEF2786U,08/31/2018,AI760,60
WHWVR1286V,08/31/2018,AI760,61
VQCVY9344X,08/31/2018,AI760,62
BGSAS3879V,08/31/2018,AI760,63
FOQJK1999R,08/31/2018,AI760,64
GUIKX9958S,08/31/2018,AI760,65
PBOTA4829N,08/31/2018,AI760,66
AXRFG7481V,08/31/2018,AI760,67
CLPXR7135J,08/31/2018,AI760,68
ZBYWI7655E,08/31/2018,AI760,69
QEFON0180Y,08/31/2018,AI760,70
VSKWI9678J,08/31/2018,AI760,71
VWEGD2954Y,08/31/2018,AI760,72
AMCWM0827Y,08/31/2018,AI760,73
ECOYM4246Z,08/31/2018,AI760,74
UCYTH3160G,08/31/2018,AI760,75
ZJQFA7646I,08/31/2018,AI760,76
POZXD8485Q,08/31/2018,AI760,77
RRKHW6491X,08/31/2018,AI760,78
XECRZ9193W,08/31/2018,AI760,79
WXYMU2385Z,08/31/2018,AI760,80
ZGGKE8408D,08/31/2018,AI760,81
DGXCR3067M,08/31/2018,AI760,82
CLCWV4350J,08/31/2018,AI760,83
GZKNS6570Z,08/31/2018,AI760,84
EFZQX8779X,08/31/2018,AI760,85
GUFNO7918B,08/31/2018,AI760,86
HUOFH3484T,08/31/2018,AI760,87
KVWHK6327C,08/31/2018,AI760,88
XNCUY3940P,08/31/2018,AI760,89
XDLTC3154C,08/31/2018,AI760,90
EXQLH9525J,08/31/2018,AI760,91
YGGZV3409D,08/31/2018,AI760,92
QMSTZ7291W,08/31/2018,AI760,93
VIEXE5721A,08/31/2018,AI760,94
OHSEB1741J,08/31/2018,AI760,95
TPPYO9274J,08/31/2018,AI760,96
BIKPG9154X,08/31/2018,AI760,97
KXZUF1353T,08/31/2018,AI760,98
NOCQY8831X,08/31/2018,AI760,99
ARYXF9698Q,08/31/2018,AI760,100
NPPID7285T,08/31/2018,AI760,101
BEFNJ4398D,08/31/2018,AI760,102
FBATX5691G,08/31/2018,AI760,103
ASXQY8158Y,08/31/2018,AI760,104
TZIMY3250Z,08/31/2018,AI760,105
OENDY5632T,08/31/2018,AI760,106
CZHCV7272O,08/31/2018,AI760,107
UTFNY2585F,08/31/2018,AI760,108
ZQEXL9032L,08/31/2018,AI760,109
AVCGO4110E,08/31/2018,AI760,110
JCPVV7365T,08/31/2018,AI760,111
KJHRR0459F,08/31/2018,AI760,112
DUYNS6052Z,08/31/2018,AI760,113
EHKZM7490G,08/31/2018,AI760,114
XYGMV0449M,08/31/2018,AI760,115
BWPDQ3350E,08/31/2018,AI760,116
XXDBX5432N,08/31/2018,AI760,117
KCMAF0336U,08/31/2018,AI760,118
FNSMB9275Z,08/31/2018,AI760,119
ACXAQ1978B,08/31/2018,AI760,120
YFYUR6563F,08/31/2018,AI760,121
YDRVU8997O,08/31/2018,AI760,122
KYLCN3017D,08/31/2018,AI760,123
YNVUP8115I,08/31/2018,AI760,124
AAGTU8531S,08/31/2018,AI760,125
FORVD7558N,08/31/2018,AI760,126
SYYED3842F,08/31/2018,AI760,127
XBVTW4726L,08/31/2018,AI760,128
VOCDH1907R,08/31/2018,AI760,129
QUFSJ6538T,08/31/2018,AI760,130
WSTAT4291G,08/31/2018,AI760,131
LBVNW2388K,08/31/2018,AI760,132
DPMFT0792S,08/31/2018,AI760,133
PGJBF3082D,08/31/2018,AI760,134
PBIOZ4935V,08/31/2018,AI760,135
SZVOV6148H,08/31/2018,AI760,136
JXFJL3451U,08/31/2018,AI760,137
TOKWW9729K,08/31/2018,AI760,138
VZWZU0942M,08/31/2018,AI760,139
FTVPR9738B,08/31/2018,AI760,140
DOPOV6119A,08/31/2018,AI760,141
AUEFJ1324P,08/31/2018,AI760,142
PPBAL4157F,08/31/2018,AI760,143
GRVFV6261E,08/31/2018,AI760,144
UZDNC0158M,08/31/2018,AI760,145
KVUDD5656Y,08/31/2018,AI760,146
SRSCF4754N,08/31/2018,AI760,147
GYIVD8143B,08/31/2018,AI760,148
YRWBH2879J,08/31/2018,AI760,149
CKGHA3978E,08/31/2018,AI760,150
RRVIZ5358S,08/31/2018,AI760,151
XBMGF5326Z,08/31/2018,AI760,152
SSHVY5339H,08/31/2018,AI760,153
PLZNR9644Q,08/31/2018,AI760,154
GIZQI8170X,08/31/2018,AI760,155
MXPCB3928Q,08/31/2018,AI760,156
DAPTI3584I,08/31/2018,AI760,157
TGHVP8649C,08/31/2018,AI760,158
VCZBN7685O,08/31/2018,AI760,159
WOKOW9386E,08/31/2018,AI760,160
NJJTC1684S,08/31/2018,AI760,161
RRKES9566A,08/31/2018,AI760,162
MVIPU6610H,08/31/2018,AI760,163
KKXSS2764G,08/31/2018,AI760,164
BXVHT8919K,08/31/2018,AI760,165
FWEPA0925Z,08/31/2018,AI760,166
MLSFA1323E,08/31/2018,AI760,167
TTFSW8641D,08/31/2018,AI760,168
BKFBV7682F,08/31/2018,AI760,169
WQKPP8422W,08/31/2018,AI760,170
IBOZH9660F,12/06/2018,AL172,171
FMCIQ9186P,12/06/2018,AL172,172
ZXLRS0728Y,12/06/2018,AL172,173
ERHWT2217K,12/06/2018,AL172,174
CNOSQ4053C,12/06/2018,AL172,175
LRMMQ9211L,12/06/2018,AL172,176
YULQJ6665G,12/06/2018,AL172,177
GPWXF4067K,12/06/2018,AL172,178
NSBYQ4715G,12/06/2018,AL172,179
DPFEY7946G,12/06/2018,AL172,180
DDXCI0914A,12/06/2018,AL172,181
BVBYJ6159Z,12/06/2018,AL172,182
ZRFLB6148D,12/06/2018,AL172,183
MHOQW9492X,12/06/2018,AL172,184
VTKZF6764F,12/06/2018,AL172,185
VWGRH2340D,12/06/2018,AL172,186
KWDBT1129E,12/06/2018,AL172,187
TOTVM0052D,12/06/2018,AL172,188
UGQSH6716Z,12/06/2018,AL172,189
FRSBE9754G,12/06/2018,AL172,190
SEBSP2020O,12/06/2018,AL172,191
LWLJN7452N,12/06/2018,AL172,192
MGSLG4106W,12/06/2018,AL172,193
EMEHL6465P,12/06/2018,AL172,194
GCOFB0343I,12/06/2018,AL172,195
GPXFR5544K,12/06/2018,AL172,196
UEQEA2571L,12/06/2018,AL172,197
BJUBI0399S,12/06/2018,AL172,198
BHOYA5900K,12/06/2018,AL172,199
EYHYZ0954W,12/06/2018,AL172,200
YDJYU8997R,12/06/2018,AL172,201
CYPOM6711Y,12/06/2018,AL172,202
YPWMI8767T,12/06/2018,AL172,203
VJVGL0281K,12/06/2018,AL172,204
TMTNF9898P,12/06/2018,AL172,205
JORWI3176Z,12/06/2018,AL172,206
WBLVU9258Z,12/06/2018,AL172,207
RWWRX8055X,12/06/2018,AL172,208
PEOOW0121D,12/06/2018,AL172,209
VPLUX6942W,12/06/2018,AL172,210
HCAJS4716R,12/06/2018,AL172,211
YSXXH2409E,12/06/2018,AL172,212
VEQMB1583Y,12/06/2018,AL172,213
FLQET7064L,12/06/2018,AL172,214
FURZH0971T,12/06/2018,AL172,215
IVZBP0066H,12/06/2018,AL172,216
HGTOO7437Z,12/06/2018,AL172,217
BLXVC6928Y,12/06/2018,AL172,218
KXXCI4895H,12/06/2018,AL172,219
UMSOC1080P,12/06/2018,AL172,220
YBHHJ4606R,12/06/2018,AL172,221
RHILC9651J,12/06/2018,AL172,222
XPOFG2920H,12/06/2018,AL172,223
YOOKE9184D,12/06/2018,AL172,224
STJVN1052P,12/06/2018,AL172,225
LFVQY7872Y,12/06/2018,AL172,226
VUASE2244I,12/06/2018,AL172,227
UHVWF8137Q,12/06/2018,AL172,228
NPKSE7725F,12/06/2018,AL172,229
SLZND8608F,12/06/2018,AL172,230
KROKU5337V,12/06/2018,AL172,231
GIWEF7599Z,12/06/2018,AL172,232
NTLMM4877J,12/06/2018,AL172,233
GXXMV8858P,12/06/2018,AL172,234
OLKAN9946Q,12/06/2018,AL172,235
HBXFA4549P,12/06/2018,AL172,236
WNJVG3148D,12/06/2018,AL172,237
EAXOY0317M,12/06/2018,AL172,238
BAYEK7685H,12/06/2018,AL172,239
NVIQF3508H,12/06/2018,AL172,240
RRNLR6384M,12/06/2018,AL172,241
GDYDQ5714O,12/06/2018,AL172,242
WESON2934T,12/06/2018,AL172,243
ACFRZ1907X,12/06/2018,AL172,244
XOMPW8398O,12/06/2018,AL172,245
FGNXL6998K,12/06/2018,AL172,246
HLVDK3867U,12/06/2018,AL172,247
JAAPU7504B,12/06/2018,AL172,248
GXDPO2617Q,12/06/2018,AL172,249
SOCAV5354Z,12/06/2018,AL172,0
PMNCT1826N,12/06/2018,AL172,1
DJPOP2536M,12/06/2018,AL172,2
OLJQH2957K,12/06/2018,AL172,3
RIISC7251L,12/06/2018,AL172,4
AWXMX6259N,11/11/2017,AB586,5
NRYZQ4573Y,11/11/2017,AB586,6
KMVII2351X,11/11/2017,AB586,7
KWUQO1999G,11/11/2017,AB586,8
CSLOA8425R,11/11/2017,AB586,9
DKGIG3578M,11/11/2017,AB586,10
TCDRC7902G,11/11/2017,AB586,11
XOXMO4668Y,11/11/2017,AB586,12
HDZHP3605A,11/11/2017,AB586,13
YEBUV3669F,11/11/2017,AB586,14
ZZNBZ5733K,11/11/2017,AB586,15
DAHUP6020Z,11/11/2017,AB586,16
EHLKA6401J,11/11/2017,AB586,17
DJALJ7280M,11/11/2017,AB586,18
SLZVH7281Y,11/11/2017,AB586,19
SDIOR3404E,11/11/2017,AB586,20
TJFVT0910B,11/11/2017,AB586,21
ATQYE6037K,11/11/2017,AB586,22
DYGTV1306N,11/11/2017,AB586,23
ZWTCU2371J,11/11/2017,AB586,24
EKSEU7974B,11/11/2017,AB586,25
QQEGP6070Z,11/11/2017,AB586,26
YMJQX5357H,11/11/2017,AB586,27
JDTCV3443C,11/11/2017,AB586,28
ZOKSW0810T,11/11/2017,AB586,29
CZRFC5871Q,11/11/2017,AB586,30
PEOIU7208T,11/11/2017,AB586,31
AYIXZ6299A,11/11/2017,AB586,32
GVVSG0848X,11/11/2017,AB586,33
XMBNG3490Y,11/11/2017,AB586,34
RQGUH8245H,11/11/2017,AB586,35
IXFUL7997D,11/11/2017,AB586,36
WSNJZ5421P,11/11/2017,AB586,37
BZNMM5001T,11/11/2017,AB586,38
YKALR1893Q,11/11/2017,AB586,39
HIURR6147Q,11/11/2017,AB586,40
AASEZ5122W,11/11/2017,AB586,41
NWTVJ0068H,11/11/2017,AB586,42
ITOJJ1100O,11/11/2017,AB586,43
RMXTE9795K,11/11/2017,AB586,44
JDTNJ0465U,11/11/2017,AB586,45
HGSDE8226E,11/11/2017,AB586,46
ITMHK2534L,11/11/2017,AB586,47
ZWICN0590Y,11/11/2017,AB586,48
JKNUC4031N,11/11/2017,AB586,49
YGECS0672E,11/11/2017,AB586,50
LDSKN4108O,11/11/2017,AB586,51
PDGWR3940B,11/11/2017,AB586,52
NCZDB0105Q,11/11/2017,AB586,53
RENCY8716G,11/11/2017,AB586,54
QLGMN3802L,11/11/2017,AB586,55
EKKBY3213U,11/11/2017,AB586,56
AQHXD1592V,11/11/2017,AB586,57
LZCTF2897W,11/11/2017,AB586,58
BNIQP2727O,11/11/2017,AB586,59
NDAHN6546P,11/11/2017,AB586,60
FESNY3141K,11/11/2017,AB586,61
RPYYX7925I,11/11/2017,AB586,62
WJIRF7885R,11/11/2017,AB586,63
DIZRB2521G,11/11/2017,AB586,64
VLHYT5451L,11/11/2017,AB586,65
MPXDQ2469H,11/11/2017,AB586,66
EXTTL2927H,11/11/2017,AB586,67
CMEAN7183V,11/11/2017,AB586,68
PIXVQ3079A,11/11/2017,AB586,69
ROAPO5633G,11/11/2017,AB586,70
SCYHF5562L,11/11/2017,AB586,71
DTGMK1078P,11/11/2017,AB586,72
IHKEO1647S,11/11/2017,AB586,73
AAPAP1019L,11/11/2017,AB586,74
BYDDW4480Y,11/11/2017,AB586,75
XPWGH4033F,11/11/2017,AB586,76
HJZXY4999U,11/11/2017,AB586,77
SHRDN4880L,11/11/2017,AB586,78
LQYMY6773A,11/11/2017,AB586,79
UUFCC4738O,11/11/2017,AB586,80
YTTNQ4577X,11/11/2017,AB586,81
ADFKO7536A,11/11/2017,AB586,82
OJLFU3899J,11/11/2017,AB586,83
HEEOU7883M,11/11/2017,AB586,84
UPLSL5757W,11/11/2017,AB586,85
MXALA2459I,11/11/2017,AB586,86
PRWCU2787N,11/11/2017,AB586,87
JEERO4034H,11/11/2017,AB586,88
LNGDA3676J,11/11/2017,AB586,89
GMNLO1118W,11/11/2017,AB586,90
BCWIV3605S,11/11/2017,AB586,91
KXLGQ5705L,11/11/2017,AB586,92
CSLDP2882B,11/11/2017,AB586,93
JVLWB0100C,11/11/2017,AB586,94
QGULI4190I,11/11/2017,AB586,95
RAMOV2144B,11/11/2017,AB586,96
MVAPM2280A,11/11/2017,AB586,97
RZAXT3405A,11/11/2017,AB586,98
ELTUH3994T,11/11/2017,AB586,99
ITFWI1368P,11/11/2017,AB586,100
LGXLQ5876E,11/11/2017,AB586,101
EJCVJ4713X,11/11/2017,AB586,102
OTOXD9455Q,11/11/2017,AB586,103
MFBMF7594R,11/11/2017,AB586,104
DRYPL5619H,11/11/2017,AB586,105
EDUJL3491A,11/11/2017,AB586,106
PYFLR5470U,11/11/2017,AB586,107
TJFKJ1787M,11/11/2017,AB586,108
USLUG0145S,11/11/2017,AB586,109
UVSDO8718Z,11/11/2017,AB586,110
FKZXY8867G,11/11/2017,AB586,111
KWFAE6670U,11/11/2017,AB586,112
ANRQJ6925I,11/11/2017,AB586,113
VGZUN0616W,11/11/2017,AB586,114
CFQYJ9176P,11/11/2017,AB586,115
WLZHT4719A,11/11/2017,AB586,116
HVSIU7905E,11/11/2017,AB586,117
MEMJA0116L,11/11/2017,AB586,118
AAKHW5892F,11/11/2017,AB586,119
NOZNM1832R,11/11/2017,AB586,120
JCITC1667Y,11/11/2017,AB586,121
OOMWA2600O,11/11/2017,AB586,122
RMUHR1012Q,11/11/2017,AB586,123
CMYCC9182M,11/11/2017,AB586,124
XASGT8148U,11/11/2017,AB586,125
AUYQY8185U,11/11/2017,AB586,126
SOPGA2570E,11/11/2017,AB586,127
RNMQB4992J,11/11/2017,AB586,128
OWDNZ6211W,11/11/2017,AB586,129
NPGTV4927H,11/11/2017,AB586,130
HHMCL8438C,11/11/2017,AB586,131
XJNTF7966F,11/11/2017,AB586,132
RTJKY1657A,11/11/2017,AB586,133
ODUIJ5007R,11/11/2017,AB586,134
RGZCU3720K,11/11/2017,AB586,135
SDZSQ7522S,11/11/2017,AB586,136
YBHYG5402Q,11/11/2017,AB586,137
TINPK3079M,11/11/2017,AB586,138
PPPER9321T,11/11/2017,AB586,139
VDTYG4032W,11/11/2017,AB586,140
COJSL7386F,11/11/2017,AB586,141
HAJCG7967G,11/11/2017,AB586,142
YCDGH5853L,11/11/2017,AB586,143
DOCFB6079D,11/11/2017,AB586,144
ECYGO7558X,11/11/2017,AB586,145
YAPHS5474H,11/11/2017,AB586,146
SZKWS8914N,11/11/2017,AB586,147
NYQRZ7615K,11/11/2017,AB586,148
DKXVF0820S,11/11/2017,AB586,149
FAVUS9723A,11/11/2017,AB586,150
MQGKX6854P,11/11/2017,AB586,151
DIGBE1885K,11/11/2017,AB586,152
DQQSV1302F,11/11/2017,AB586,153
BRBFX5029G,11/11/2017,AB586,154
UVQPN6984A,11/11/2017,AB586,155
IKXCS3576P,11/11/2017,AB586,156
BUHJG7308R,11/11/2017,AB586,157
RMITU3628D,11/11/2017,AB586,158
MJWBX7066V,11/11/2017,AB586,159
MVRAW5479J,11/11/2017,AB586,160
OHTSW3512F,11/11/2017,AB586,161
KPGUW6962R,11/11/2017,AB586,162
LTBTK9895N,11/11/2017,AB586,163
UJCBF7167V,11/11/2017,AB586,164
JILPV5940U,11/11/2017,AB586,165
KUNTL9478D,11/11/2017,AB586,166
MCJFL7832H,11/11/2017,AB586,167
EIFPE2189C,11/11/2017,AB586,168
HYIID1967V,11/11/2017,AB586,169
HRQBQ4120B,11/11/2017,AB586,170
XIGMJ6397W,11/11/2017,AB586,171
SPZPF8410L,11/11/2017,AB586,172
PCZQW6352Y,11/11/2017,AB586,173
VZIRT4861B,11/11/2017,AB586,174
FKBJP6215C,11/11/2017,AB586,175
HERSI9780G,11/11/2017,AB586,176
XWJWT8735A,11/11/2017,AB586,177
EXJNY8728F,11/11/2017,AB586,178
DOWEX8945K,11/11/2017,AB586,179
DAZDV9122Y,11/11/2017,AB586,180
LZCNY4601G,11/11/2017,AB586,181
QUGLQ1170A,11/11/2017,AB586,182
FQOUK1512R,11/11/2017,AB586,183
EJDCH7327O,11/11/2017,AB586,184
URZDE9805Q,11/11/2017,AB586,185
LZCAH6745G,11/11/2017,AB586,186
FKBPA7818T,11/11/2017,AB586,187
WWZKQ4791G,11/11/2017,AB586,188
WQXWW8137G,11/11/2017,AB586,189
DMNJL8689Z,11/11/2017,AB586,190
MTERR5479X,11/11/2017,AB586,191
WWIQD6943O,11/11/2017,AB586,192
PTWEQ9079Q,11/06/2017,JA871,193
ADKLS5924T,11/06/2017,JA871,194
QOFMJ4032V,11/06/2017,JA871,195
AKINV6051P,11/06/2017,JA871,196
WTVFU0706X,11/06/2017,JA871,197
FXJID1684T,11/06/2017,JA871,198
EMERF9187K,11/06/2017,JA871,199
EXLZZ2944W,11/06/2017,JA871,200
QYOBX4953I,11/06/2017,JA871,201
HBXQA3645Z,11/06/2017,JA871,202
NDJDB0365C,11/06/2017,JA871,203
SMHGJ0992Y,11/06/2017,JA871,204
OVCKL9151Y,11/06/2017,JA871,205
TGPHH0623F,11/06/2017,JA871,206
XGZOR1329U,11/06/2017,JA871,207
CGVTQ0143V,11/06/2017,JA871,208
WNIVP7816V,11/06/2017,JA871,209
ECSOH3559Z,11/06/2017,JA871,210
PYZTJ6135U,11/06/2017,JA871,211
KXQBB4355K,11/06/2017,JA871,212
FRYRG0844Z,11/06/2017,JA871,213
VFBRL2942Q,11/06/2017,JA871,214
PQISY8530E,11/06/2017,JA871,215
QFQUQ6665P,11/06/2017,JA871,216
VDXII2209T,11/06/2017,JA871,217
VLTJK5158V,11/06/2017,JA871,218
LXWQZ5048X,11/06/2017,JA871,219
LLJWU0018K,11/06/2017,JA871,220
ZZYSC0252P,11/06/2017,JA871,221
VSYHW5845H,11/06/2017,JA871,222
XCPOT3239F,11/06/2017,JA871,223
LZTXX6623K,11/06/2017,JA871,224
NVNKP0452O,11/06/2017,JA871,225
LNGLU9700A,11/06/2017,JA871,226
HXFAS1518B,11/06/2017,JA871,227
MWUKW2237X,11/06/2017,JA871,228
PUFHT8457G,11/06/2017,JA871,229
ZRXQA9744Q,11/06/2017,JA871,230
QNHNP4934E,11/06/2017,JA871,231
HTGYG6168M,11/06/2017,JA871,232
NJNRZ6477Y,11/06/2017,JA871,233
OBLWU2238Z,11/06/2017,JA871,234
SWZZW9492S,11/06/2017,JA871,235
CSNUI4760C,11/06/2017,JA871,236
JOKMB5516U,11/06/2017,JA871,237
BWYSP8675M,11/06/2017,JA871,238
NAOAV2276M,11/06/2017,JA871,239
IYFDT4919U,11/06/2017,JA871,240
ZHMGU7621N,11/06/2017,JA871,241
HDEMU4177H,11/06/2017,JA871,242
GZJDT5836L,11/06/2017,JA871,243
XVXKL2955D,11/06/2017,JA871,244
VMZDY9295O,11/06/2017,JA871,245
KJMIV0444E,11/06/2017,JA871,246
UUIXM1206J,11/06/2017,JA871,247
NGAXW5180X,11/06/2017,JA871,248
IWNQX5670H,11/06/2017,JA871,249
MDAFF1853S,11/06/2017,JA871,0
HKLFU0648U,11/06/2017,JA871,1
EPPDW8999C,11/06/2017,JA871,2
WZXCN0047U,11/06/2017,JA871,3
WFWXP8777A,11/06/2017,JA871,4
HPFHP0081T,11/06/2017,JA871,5
UECPK7122B,11/06/2017,JA871,6
DJVQR0911S,11/06/2017,JA871,7
TAVGA9724K,11/06/2017,JA871,8
WKHMU9176A,11/06/2017,JA871,9
RMBCN0888V,11/06/2017,JA871,10
JGJLN3519B,11/06/2017,JA871,11
SAKCJ3356J,11/06/2017,JA871,12
QLWJK6982F,11/06/2017,JA871,13
UAQFY0003C,11/06/2017,JA871,14
XNQKF2443T,11/06/2017,JA871,15
DQBET2551X,11/06/2017,JA871,16
WQQVF1374L,11/06/2017,JA871,17
LXAQV7952W,11/06/2017,JA871,18
FQWXQ9664Y,11/06/2017,JA871,19
JZZAW8723R,11/06/2017,JA871,20
HKTCL4324R,11/06/2017,JA871,21
DWSCT9444S,11/06/2017,JA871,22
TJUPM3206G,11/06/2017,JA871,23
QIFZD1350Q,11/06/2017,JA871,24
TCPGN8704G,11/06/2017,JA871,25
TABEV7279V,11/06/2017,JA871,26
EBDFK9611R,11/06/2017,JA871,27
ZTPHK2721Y,11/06/2017,JA871,28
YMUVI3989P,11/06/2017,JA871,29
AIORT4465J,11/06/2017,JA871,30
SZCDJ9602F,11/06/2017,JA871,31
LUUUY2961Q,11/06/2017,JA871,32
MJTHZ2599V,11/06/2017,JA871,33
PLFOR2328B,11/06/2017,JA871,34
WXYJS5404L,11/06/2017,JA871,35
VIJRE0318H,11/06/2017,JA871,36
PAABQ2739Q,11/06/2017,JA871,37
SWUYA5853U,11/06/2017,JA871,38
FSZNV9693R,11/06/2017,JA871,39
BERWS9784B,11/06/2017,JA871,40
HOAQO1398S,11/06/2017,JA871,41
MDFPI3845F,11/06/2017,JA871,42
BXBGZ2929X,11/06/2017,JA871,43
BDMTQ3884J,11/06/2017,JA871,44
FIGAO1015P,11/06/2017,JA871,45
TQMMZ4792O,11/06/2017,JA871,46
IWDMS7126B,11/06/2017,JA871,47
BQCTM0389W,11/06/2017,JA871,48
VVRUX7711S,11/06/2017,JA871,49
RBAEZ5958G,11/06/2017,JA871,50
OKLYD0343S,11/06/2017,JA871,51
LDVQI1251B,11/06/2017,JA871,52
GPHBO8518M,11/06/2017,JA871,53
OVGXP7518Y,11/06/2017,JA871,54
LHEHA9122N,11/06/2017,JA871,55
RQQNJ2979Y,11/06/2017,JA871,56
JENLI2935E,11/06/2017,JA871,57
YJOQO9568H,11/06/2017,JA871,58
MRSCD3013R,11/06/2017,JA871,59
QJSRC1951Q,11/06/2017,JA871,60
NFFXK8555C,11/06/2017,JA871,61
KHUNN1211I,11/06/2017,JA871,62
VTGKZ2234R,11/06/2017,JA871,63
JPQUM4228V,11/06/2017,JA871,64
GCJAN6215C,11/06/2017,JA871,65
XNYPU0728S,11/06/2017,JA871,66
RNSNT2555E,11/06/2017,JA871,67
GTKDP8575S,11/06/2017,JA871,68
IDAQP5888A,11/06/2017,JA871,69
OWXFM0928X,11/06/2017,JA871,70
WQVMV8173T,11/06/2017,JA871,71
CIHXE0712B,11/06/2017,JA871,72
IBAKL7705K,11/06/2017,JA871,73
MMNBU5132I,11/06/2017,JA871,74
BFWFW6507B,11/06/2017,JA871,75
LOILX3279F,11/06/2017,JA871,76
MUDIV4798Q,11/06/2017,JA871,77
UXCVY5451R,11/06/2017,JA871,78
FURJM3993K,11/06/2017,JA871,79
KCIYM0788O,11/06/2017,JA871,80
XNZTO2908O,11/06/2017,JA871,81
PWWPL9453O,11/06/2017,JA871,82
QZJHP1959I,11/06/2017,JA871,83
WDFNY2679I,11/06/2017,JA871,84
UMJLS7919J,11/06/2017,JA871,85
TIDLG4354T,11/06/2017,JA871,86
SLJRP9579G,11/06/2017,JA871,87
RJXNE7689I,11/06/2017,JA871,88
CSQIE9487Y,11/06/2017,JA871,89
YXHRZ1534Z,11/06/2017,JA871,90
IGZIZ6420Z,11/06/2017,JA871,91
MMPAY2735O,11/06/2017,JA871,92
PVERA4789R,11/06/2017,JA871,93
VXWGK4202M,11/06/2017,JA871,94
YLDTK6281T,11/06/2017,JA871,95
YNAFB6955R,11/06/2017,JA871,96
BLROY5305Z,11/06/2017,JA871,97
EBQGI9054S,11/06/2017,JA871,98
SCMMN8736J,11/06/2017,JA871,99
ZEQUP4844C,11/06/2017,JA871,100
LLEFT2499D,11/06/2017,JA871,101
OWOGQ4621C,11/06/2017,JA871,102
WJPCV3104W,11/06/2017,JA871,103
GISEA0404M,11/06/2017,JA871,104
VHDJS6103E,11/06/2017,JA871,105
ZPIXA6340R,11/06/2017,JA871,106
XFQRB4083T,11/06/2017,JA871,107
QWAUP4006P,11/06/2017,JA871,108
NVVYS0988B,11/06/2017,JA871,109
LQMCX6365N,11/06/2017,JA871,110
ELCDX3957M,11/06/2017,JA871,111
URSCD0524G,11/06/2017,JA871,112
RHFIE9849X,11/06/2017,JA871,113
PSIEQ2202D,11/06/2017,JA871,114
ODEJE4464K,11/06/2017,JA871,115
LGSKJ1772O,11/06/2017,JA871,116
FWHWI7282T,11/06/2017,JA871,117
QNIUL4173T,11/06/2017,JA871,118
TAOCK3022N,11/06/2017,JA871,119
BIQXV4502C,11/06/2017,JA871,120
IKWNO9340E,11/06/2017,JA871,121
IBPGH4005G,11/06/2017,JA871,122
DAVAR1254J,11/06/2017,JA871,123
SHJAE2995O,11/06/2017,JA871,124
TMRYZ5912J,11/06/2017,JA871,125
XIBAF9475J,07/21/2018,LH525,126
KNPPX0585V,07/21/2018,LH525,127
VVRWF4687S,07/21/2018,LH525,128
TJQRZ7965H,07/21/2018,LH525,129
QXLZM9086S,07/21/2018,LH525,130
FMJWZ1283I,07/21/2018,LH525,131
TKDNL1941B,07/21/2018,LH525,132
EOISP4051F,07/21/2018,LH525,133
SNCDE0823V,07/21/2018,LH525,134
PQBUX4211R,07/21/2018,LH525,135
GQJCF0719Z,07/21/2018,LH525,136
DJAYB6481V,07/21/2018,LH525,137
RZSOV0717V,07/21/2018,LH525,138
DCCQA0174C,07/21/2018,LH525,139
JKLYY8558P,07/21/2018,LH525,140
JDKHG2157O,07/21/2018,LH525,141
YUXDR0825A,07/21/2018,LH525,142
GBENM2981J,07/21/2018,LH525,143
PJDTF9637K,07/21/2018,LH525,144
HEVVU5958C,07/21/2018,LH525,145
HRHFO6568P,07/21/2018,LH525,146
OYMGK1297I,07/21/2018,LH525,147
UQXSG1203G,07/21/2018,LH525,148
OBKYC1797U,07/21/2018,LH525,149
OTOWS5497K,07/21/2018,LH525,150
QMWMW8824S,07/21/2018,LH525,151
HBLRU1068D,07/21/2018,LH525,152
ANJJH0184Q,07/21/2018,LH525,153
BNBYS8009V,07/21/2018,LH525,154
TSZWZ8885M,07/21/2018,LH525,155
DSHDE1761S,07/21/2018,LH525,156
HQJQY1937K,07/21/2018,LH525,157
CFGAJ2390L,07/21/2018,LH525,158
DVGOP8987I,07/21/2018,LH525,159
WMQFY9592Y,07/21/2018,LH525,160
WFQEP0175V,07/21/2018,LH525,161
QQKGY6581D,07/21/2018,LH525,162
JREBN1259F,07/21/2018,LH525,163
RHDJJ2476Q,07/21/2018,LH525,164
DRGIA9756N,07/21/2018,LH525,165
AHVOC2999T,07/21/2018,LH525,166
BKIGY2920A,07/21/2018,LH525,167
GNUGB8437A,07/21/2018,LH525,168
YHDOV0394B,07/21/2018,LH525,169
TWSIA0495H,07/21/2018,LH525,170
VLVYA2829B,07/21/2018,LH525,171
RRABV0672M,07/21/2018,LH525,172
EEUHN4053A,07/21/2018,LH525,173
RZTKR9404I,07/21/2018,LH525,174
KGORJ5626P,07/21/2018,LH525,175
TIKPM7626K,07/21/2018,LH525,176
PSKDA3945D,07/21/2018,LH525,177
NCMEQ7432U,07/21/2018,LH525,178
QSBJV5510A,07/21/2018,LH525,179
SPPEO5123A,07/21/2018,LH525,180
KKMOK9560B,07/21/2018,LH525,181
LZKZL0372M,07/21/2018,LH525,182
RGLAP0168P,07/21/2018,LH525,183
FIMMY5265N,07/21/2018,LH525,184
EHXWW8338Z,07/21/2018,LH525,185
IZNYA0573P,07/21/2018,LH525,186
IANRR1134D,07/21/2018,LH525,187
WZUAS0498R,07/21/2018,LH525,188
XJJNT1237Z,07/21/2018,LH525,189
IDUKU9565T,07/21/2018,LH525,190
JKJKU3292X,07/21/2018,LH525,191
QUIFG5979R,07/21/2018,LH525,192
WVKAR0512S,07/21/2018,LH525,193
QVJQC4276J,07/21/2018,LH525,194
UASWP1122Z,07/21/2018,LH525,195
AOTNF4315U,07/21/2018,LH525,196
UOSXT8753K,07/21/2018,LH525,197
CHDBM2589D,07/21/2018,LH525,198
NZLLK3360E,07/21/2018,LH525,199
QESYA2506G,07/21/2018,LH525,200
LJHQH3164Z,07/21/2018,LH525,201
GNPJP8234X,07/21/2018,LH525,202
SKRVM3655D,07/21/2018,LH525,203
JFCHP1326U,07/21/2018,LH525,204
KGVKN3296Y,07/21/2018,LH525,205
ITUCF0602O,07/21/2018,LH525,206
SPMEV8498E,07/21/2018,LH525,207
CNQWS1528S,07/21/2018,LH525,208
TUHAK9852T,07/21/2018,LH525,209
XKSPF7237Y,07/21/2018,LH525,210
LTQCS1005B,07/21/2018,LH525,211
KGLNE7277S,07/21/2018,LH525,212
EFHFF7159M,07/21/2018,LH525,213
REPGY0202Q,07/21/2018,LH525,214
LLKRL0863T,07/21/2018,LH525,215
FCBIU5412P,07/21/2018,LH525,216
CGFLG6736Q,07/21/2018,LH525,217
DYJJG8538N,07/21/2018,LH525,218
WWYDX2453E,07/21/2018,LH525,219
BKDMR1070Y,07/21/2018,LH525,220
NITGF7459N,07/21/2018,LH525,221
LRPJN7162Z,07/21/2018,LH525,222
ZBDEH2144R,07/21/2018,LH525,223
YNUWQ0395K,07/21/2018,LH525,224
HETTN7344S,07/21/2018,LH525,225
XEMGC3673N,07/21/2018,LH525,226
CJQEK6845M,07/21/2018,LH525,227
BYATX9554U,07/21/2018,LH525,228
HQWTG9911L,07/21/2018,LH525,229
XQWTQ6663M,07/21/2018,LH525,230
OHGWB4861N,07/21/2018,LH525,231
JJNHX3114N,07/21/2018,LH525,232
UYAQC6635T,07/21/2018,LH525,233
BCALT4847S,07/21/2018,LH525,234
DIPOK2750X,07/21/2018,LH525,235
QAMIJ5270A,07/21/2018,LH525,236
SQFKY3057F,07/21/2018,LH525,237
NJYHV8722B,07/21/2018,LH525,238
MOTWY1201G,07/21/2018,LH525,239
FVTTP4009G,07/21/2018,LH525,240
RIXUZ3107Z,07/21/2018,LH525,241
AIAFI4901T,07/21/2018,LH525,242
KWDOK6318N,07/21/2018,LH525,243
STVUA3374C,07/21/2018,LH525,244
JTWGI0632I,07/21/2018,LH525,245
YGNYU7897B,07/21/2018,LH525,246
AMRHF1888W,07/21/2018,LH525,247
KXZWX1710R,07/21/2018,LH525,248
WOSDJ4332S,07/21/2018,LH525,249
RGHPS0039N,07/21/2018,LH525,0
WMPRF3728S,07/21/2018,LH525,1
DZMOS1544Q,07/21/2018,LH525,2
OSEBN6858Q,07/21/2018,LH525,3
OULCL7226Q,07/21/2018,LH525,4
XVYSC5621I,07/21/2018,LH525,5
OOQMJ1924V,07/21/2018,LH525,6
LHGFX0869J,07/21/2018,LH525,7
OBVIE6125R,07/21/2018,LH525,8
SGDWE9897C,07/21/2018,LH525,9
FEYTA0616W,07/21/2018,LH525,10
EUZXT5791W,07/21/2018,LH525,11
MKSUG9236T,07/21/2018,LH525,12
ORHUA0714A,07/21/2018,LH525,13
LDCEY4531J,07/21/2018,LH525,14
ZSWYB2646T,07/21/2018,LH525,15
MSMLB0060J,07/21/2018,LH525,16
QAHCQ1744T,07/21/2018,LH525,17
JQJDC2761F,07/21/2018,LH525,18
QMFXH8776O,07/21/2018,LH525,19
ZWHVX1856H,07/21/2018,LH525,20
AYPJB2038E,07/21/2018,LH525,21
EYWHP0327H,07/21/2018,LH525,22
VIPWM4665T,07/21/2018,LH525,23
SRLGC2496V,07/21/2018,LH525,24
VXHPO8211N,07/21/2018,LH525,25
WSQUR9617Q,07/21/2018,LH525,26
YMVUC4972M,07/21/2018,LH525,27
OPWJI1352Y,07/21/2018,LH525,28
PODAN3310V,07/21/2018,LH525,29
MFUDL8329X,07/21/2018,LH525,30
YGGNU9328Z,07/21/2018,LH525,31
KGZGG4729N,07/21/2018,LH525,32
PZAFB8441W,07/21/2018,LH525,33
RXVAT1533Y,07/21/2018,LH525,34
KWOWG4206E,07/21/2018,LH525,35
YDBUH0928D,07/21/2018,LH525,36
QTHKD8037U,07/21/2018,LH525,37
BNBXM7821L,07/21/2018,LH525,38
LCBBJ2916X,07/21/2018,LH525,39
FPMHF5195C,07/21/2018,LH525,40
TICUV4064J,07/21/2018,LH525,41
YALKD2850A,07/21/2018,LH525,42
MZQPP4674B,07/21/2018,LH525,43
RHGSL3115H,07/21/2018,LH525,44
MKCZL8926H,07/21/2018,LH525,45
TRPYP1304Z,07/21/2018,LH525,46
JEFRJ2858J,07/21/2018,LH525,47
OSDGH4833W,07/21/2018,LH525,48
QSITN8945P,07/21/2018,LH525,49
RSBPI2985M,07/21/2018,LH525,50
EMVUP5185F,07/21/2018,LH525,51
ZAGYL7844K,07/21/2018,LH525,52
VCFKZ7858O,07/21/2018,LH525,53
UGPEL1201O,07/21/2018,LH525,54
DLNVG3690H,07/21/2018,LH525,55
IQYXS4548X,07/21/2018,LH525,56
GLKUR1027E,07/21/2018,LH525,57
LZJUT7228T,07/21/2018,LH525,58
RBXKH7851R,07/21/2018,LH525,59
DPTGX9867C,07/21/2018,LH525,60
QGPBQ0288O,07/21/2018,LH525,61
TWQMQ8608F,07/21/2018,LH525,62
TUILG0183Y,07/21/2018,LH525,63
SHHBJ4170B,07/21/2018,LH525,64
EIKYM5313A,07/21/2018,LH525,65
IIXXZ5003U,07/21/2018,LH525,66
OSJUV1668W,07/21/2018,LH525,67
BESRF5579B,07/21/2018,LH525,68
UGZZG6085B,07/21/2018,LH525,69
BWAMN4016L,07/21/2018,LH525,70
BNWIJ7745G,07/21/2018,LH525,71
LHZKK8087A,07/21/2018,LH525,72
HEMKE6621T,07/21/2018,LH525,73
NVLMZ3196V,07/21/2018,LH525,74
XENMO9907Q,07/21/2018,LH525,75
WQSTL3192R,07/21/2018,LH525,76
FJYAE6851K,07/21/2018,LH525,77
FLLMT8907F,07/21/2018,LH525,78
UIRIJ7236D,07/21/2018,LH525,79
ENHJZ5508R,07/21/2018,LH525,80
FZOJV0147Y,07/21/2018,LH525,81
XBYNZ7683Q,07/21/2018,LH525,82
NJZWG5955W,07/21/2018,LH525,83
IBMDD9048D,07/21/2018,LH525,84
YNCEH1414Y,07/21/2018,LH525,85
EIUPE4991X,07/21/2018,LH525,86
WBIDK2521D,07/21/2018,LH525,87
MZDYM3129N,07/21/2018,LH525,88
LKVFN6397I,07/21/2018,LH525,89
FGHUQ5030L,07/21/2018,LH525,90
UUJKA8488A,07/21/2018,LH525,91
ALFMT7049E,07/21/2018,LH525,92
NOMYX8493K,07/21/2018,LH525,93
KQVJL0524M,07/21/2018,LH525,94
FHIEM5369W,07/21/2018,LH525,95
BINXI9237X,07/21/2018,LH525,96
PBCER9054Z,07/21/2018,LH525,97
OPSFD6034O,07/21/2018,LH525,98
LGMBZ4410F,07/21/2018,LH525,99
CQDMX4901X,07/21/2018,LH525,100
VINPO2909K,07/21/2018,LH525,101
TYLEK5637J,07/21/2018,LH525,102
BQZDP7941U,07/21/2018,LH525,103
HLSJT6790I,07/21/2018,LH525,104
MSANX1970R,07/21/2018,LH525,105
TTMAG3112C,07/21/2018,LH525,106
CFHPW0754S,07/21/2018,LH525,107
ROUAV8373T,07/21/2018,LH525,108
NKXYV3871J,07/21/2018,LH525,109
ONRVC1352F,07/21/2018,LH525,110
WHPKD8091J,07/21/2018,LH525,111
UNWSH2750D,07/21/2018,LH525,112
FYEHG6675X,07/21/2018,LH525,113
GNNBJ7539Z,07/21/2018,LH525,114
TBZXO6969D,07/21/2018,LH525,115
PWWWV8354Y,07/21/2018,LH525,116
CIYQK4389U,07/21/2018,LH525,117
SPLEW8949J,07/21/2018,LH525,118
KZGLX3855H,07/21/2018,LH525,119
MFQPJ1315T,07/21/2018,LH525,120
MDTFA0662H,07/21/2018,LH525,121
USYTE6608F,07/21/2018,LH525,122
JHPJY8029Z,07/21/2018,LH525,123
LGEUP3261Q,07/21/2018,LH525,124
IXMWS9435K,07/21/2018,LH525,125
LXOWG2600Q,06/06/2018,AB416,125
VBXUR5118F,06/06/2018,AB416,126
ZYLNS4321Z,06/06/2018,AB416,127
TVQRZ1992W,06/06/2018,AB416,128
FOYQE4422A,06/06/2018,AB416,129
FLKJV3814A,06/06/2018,AB416,130
BLJTQ8931S,06/06/2018,AB416,131
RFIID7422O,06/06/2018,AB416,132
RQQHU1525Z,06/06/2018,AB416,133
OYIWB6407F,06/06/2018,AB416,134
BVEMX0941V,06/06/2018,AB416,135
BMVLY2106G,06/06/2018,AB416,136
DXALP6588H,06/06/2018,AB416,137
AOSTK6749U,06/06/2018,AB416,138
UUCEL8707Z,06/06/2018,AB416,139
RRDWQ2293K,06/06/2018,AB416,140
CQXAV1944M,06/06/2018,AB416,141
UTISP2830A,06/06/2018,AB416,142
ZHLLQ1269W,06/06/2018,AB416,143
CEFJP1189A,06/06/2018,AB416,144
FNINC1867U,06/06/2018,AB416,145
QAYIT4528J,06/06/2018,AB416,146
GOJJL2286K,06/06/2018,AB416,147
UJJAH4592H,06/06/2018,AB416,148
OREZO0086P,06/06/2018,AB416,149
CPUWQ3563E,06/06/2018,AB416,150
SYZPN5099X,06/06/2018,AB416,151
OBOHH0003D,06/06/2018,AB416,152
RDXHJ1447V,06/06/2018,AB416,153
JOTZT8332T,06/06/2018,AB416,154
XJDIL3043H,06/06/2018,AB416,155
VHEMV2166H,06/06/2018,AB416,156
XCIQF0168I,06/06/2018,AB416,157
BEUGJ2944L,06/06/2018,AB416,158
EWRLW4630F,06/06/2018,AB416,159
AGXYM4913K,06/06/2018,AB416,160
HSTZW0864G,06/06/2018,AB416,161
VLAQC0886V,06/06/2018,AB416,162
DDHMV1003T,06/06/2018,AB416,163
KAGBA4345R,06/06/2018,AB416,164
VGWES7959C,06/06/2018,AB416,165
YDYEV7963I,06/06/2018,AB416,166
WDJSK6098K,06/06/2018,AB416,167
KXTNT3109N,06/06/2018,AB416,168
HOUIS0595I,06/06/2018,AB416,169
WFUUM4270Q,06/06/2018,AB416,170
CPRVI7047N,06/06/2018,AB416,171
OFTNE7831U,06/06/2018,AB416,172
HCJDF1340B,06/06/2018,AB416,173
BVSNV5964O,06/06/2018,AB416,174
VAJBD9482E,06/06/2018,AB416,175
TJZQK8094V,06/06/2018,AB416,176
ZTZVA9243M,06/06/2018,AB416,177
EPHDW6396T,06/06/2018,AB416,178
FSQJW5185Q,06/06/2018,AB416,179
ANNQU2595N,06/06/2018,AB416,180
EPMUB3269Z,06/06/2018,AB416,181
CWRNM5363W,06/06/2018,AB416,182
DVDUL7042N,06/06/2018,AB416,183
BDEOP9836J,06/06/2018,AB416,184
LRIGR6509O,06/06/2018,AB416,185
VIQOH9027C,06/06/2018,AB416,186
AWXGH6572E,06/06/2018,AB416,187
RRUWQ2857L,06/06/2018,AB416,188
IGAZH0022L,06/06/2018,AB416,189
RONUZ1493I,06/06/2018,AB416,190
RMPKC3106U,06/06/2018,AB416,191
WFEZH8263Z,06/06/2018,AB416,192
CAMBJ2977U,06/06/2018,AB416,193
YHJUD3574D,06/06/2018,AB416,194
ZZVBM4636I,06/06/2018,AB416,195
PRTYS7871Y,06/06/2018,AB416,196
DVTKS3974J,06/06/2018,AB416,197
MUQDF0038G,06/06/2018,AB416,198
DHPMF6444I,06/06/2018,AB416,199
DBLQR8129T,06/06/2018,AB416,200
FWLWJ9602V,06/06/2018,AB416,201
OVFYD3837G,06/06/2018,AB416,202
QHKTQ9856M,06/06/2018,AB416,203
KQIBJ1666R,06/06/2018,AB416,204
FEJBQ4992K,06/06/2018,AB416,205
CNGHF0011K,06/06/2018,AB416,206
ILHPY6096N,06/06/2018,AB416,207
PRYOS0281B,06/06/2018,AB416,208
CNPDQ2142L,06/06/2018,AB416,209
BLCOY3227V,06/06/2018,AB416,210
FDCGX9570I,06/06/2018,AB416,211
PWEMH9677X,06/06/2018,AB416,212
WYMXA0994L,06/06/2018,AB416,213
UDNVV6785H,06/06/2018,AB416,214
LWYTG1541O,06/06/2018,AB416,215
IFXDD8201U,06/06/2018,AB416,216
SRWRJ3642M,06/06/2018,AB416,217
NRQDP8761F,06/06/2018,AB416,218
OOPNT3190L,06/06/2018,AB416,219
YJCSC2472N,06/06/2018,AB416,220
SOCTC1505K,06/06/2018,AB416,221
JOIVD4661U,06/06/2018,AB416,222
XYZHY0360C,06/06/2018,AB416,223
TQSJY9268F,06/06/2018,AB416,224
DBTUI8984R,06/06/2018,AB416,225
NSYYU3381D,06/06/2018,AB416,226
YHFRG4907O,06/06/2018,AB416,227
SVPBQ5114C,06/06/2018,AB416,228
NGCPJ1430J,06/06/2018,AB416,229
ZIUWL1461C,06/06/2018,AB416,230
AGHLV8612Z,06/06/2018,AB416,231
AUQFW8063P,06/06/2018,AB416,232
TOKIB6224L,06/06/2018,AB416,233
FNMSZ2385J,06/06/2018,AB416,234
FOBXJ0413D,06/06/2018,AB416,235
JWSAX7981C,06/06/2018,AB416,236
AKPAP6631F,06/06/2018,AB416,237
OOKYI8598X,06/06/2018,AB416,238
COLCB3373G,06/06/2018,AB416,239
QAHVT3496A,06/06/2018,AB416,240
PBEZY1444G,06/06/2018,AB416,241
SCVKD6760O,06/06/2018,AB416,242
SRUQS7717U,06/06/2018,AB416,243
CDQFN7649U,06/06/2018,AB416,244
ZFHUW9934A,06/06/2018,AB416,245
WTCJM1822N,06/06/2018,AB416,246
TZIZF3339E,06/06/2018,AB416,247
LRHFV2066K,06/06/2018,AB416,248
FKGFG8599U,06/06/2018,AB416,249
GNEJP5951D,06/06/2018,AB416,0
RFFUK0265F,06/06/2018,AB416,1
IRRJU3556L,06/06/2018,AB416,2
ESQTP8379J,06/06/2018,AB416,3
XWZOZ1807R,06/06/2018,AB416,4
TUGRL6943Y,06/06/2018,AB416,5
MSHXR9256O,06/06/2018,AB416,6
XIOJC2265C,06/06/2018,AB416,7
BOUQH6490B,06/06/2018,AB416,8
KKAJE8133S,06/06/2018,AB416,9
UTKYJ9777I,06/06/2018,AB416,10
FEOUY7231J,06/06/2018,AB416,11
WWFHS2055B,06/06/2018,AB416,12
VOKND9691I,06/06/2018,AB416,13
MYSGS0583M,06/06/2018,AB416,14
ELDTD2371B,06/06/2018,AB416,15
QMMSG7452A,06/06/2018,AB416,16
JVKLR2102R,06/06/2018,AB416,17
EALYW4661I,06/06/2018,AB416,18
WNRLO1538I,06/06/2018,AB416,19
KLBOF8469T,06/06/2018,AB416,20
HISVU1015G,06/06/2018,AB416,21
EDWLZ6037L,06/06/2018,AB416,22
KKBAB9377Q,06/06/2018,AB416,23
AEZLK6059S,06/06/2018,AB416,24
DZORJ2988R,06/06/2018,AB416,25
SLPXH6339M,06/06/2018,AB416,26
DBUDH7190U,06/06/2018,AB416,27
TIDWV1059P,06/06/2018,AB416,28
SQJOO3893W,06/06/2018,AB416,29
DZCZJ8846J,06/06/2018,AB416,30
IWCHD6759Z,06/06/2018,AB416,31
DFATL2675N,06/06/2018,AB416,32
WORWI9487D,06/06/2018,AB416,33
VQZAN8210X,06/06/2018,AB416,34
OUYEU1998A,06/06/2018,AB416,35
DOGIQ3600R,06/06/2018,AB416,36
BCUCV9244T,06/06/2018,AB416,37
WHXHO1878V,06/06/2018,AB416,38
TURZB9210M,06/06/2018,AB416,39
UQJIZ6465O,06/06/2018,AB416,40
YQJTM4300L,06/06/2018,AB416,41
ZFDKZ3387W,06/06/2018,AB416,42
UMTMU6640Q,06/06/2018,AB416,43
MFITE3941A,06/06/2018,AB416,44
XZLIJ1247D,06/06/2018,AB416,45
MPKSD7717Y,06/06/2018,AB416,46
HHECT3311G,06/06/2018,AB416,47
UDKLG4208Q,06/06/2018,AB416,48
NBYXI8102L,06/06/2018,AB416,49
LFKLB0761L,06/06/2018,AB416,50
AILCB1695W,06/06/2018,AB416,51
AYBGX7062O,06/06/2018,AB416,52
DHFGM3345G,06/06/2018,AB416,53
AGTAH8719A,06/06/2018,AB416,54
KKLPV6037G,06/06/2018,AB416,55
XDVLQ9828L,06/06/2018,AB416,56
RHPOL3633D,06/06/2018,AB416,57
UHKXJ9739W,06/06/2018,AB416,58
ZHGIO6575O,06/06/2018,AB416,59
QJAQX1922T,06/06/2018,AB416,60
QSLHD7518S,06/06/2018,AB416,61
UIECV3654T,06/06/2018,AB416,62
EVVYM4689K,06/06/2018,AB416,63
KIUMD9777L,06/06/2018,AB416,64
BNTPM2015S,06/06/2018,AB416,65
OYOCK3003W,06/06/2018,AB416,66
PYQAJ0964S,06/06/2018,AB416,67
ZRUDB0159X,06/06/2018,AB416,68
JZLLB7949A,06/06/2018,AB416,69
ROYME6003B,06/06/2018,AB416,70
ZQOEE7216N,06/06/2018,AB416,71
KGAXS4877U,06/06/2018,AB416,72
FZLHM0687S,06/06/2018,AB416,73
ZQHLR0942K,06/06/2018,AB416,74
QMPHY3418G,06/06/2018,AB416,75
PJDQX3473D,06/06/2018,AB416,76
XSPSM2810H,06/06/2018,AB416,77
AHTAT9088P,06/06/2018,AB416,78
JDANY5641D,06/06/2018,AB416,79
KLZOI4675Z,06/06/2018,AB416,80
NATOY7883X,06/06/2018,AB416,81
EZNIN3033A,06/06/2018,AB416,82
GXAMK8442M,06/06/2018,AB416,83
YCUCD5707T,06/06/2018,AB416,84
PHUUZ9888X,06/06/2018,AB416,85
FLHZX2656U,06/06/2018,AB416,86
GQECX1099V,06/06/2018,AB416,87
MIWUN3910V,06/06/2018,AB416,88
SJCBP7880G,06/06/2018,AB416,89
IVFCY6616I,06/06/2018,AB416,90
RUSCF1979S,06/06/2018,AB416,91
PFBIE8212T,06/06/2018,AB416,92
TWVVV4887Z,06/06/2018,AB416,93
LCLOH2813T,06/06/2018,AB416,94
QIBIB0419H,06/06/2018,AB416,95
TOEGS3627L,06/06/2018,AB416,96
RANDT0635J,06/06/2018,AB416,97
WOUTW3773A,06/06/2018,AB416,98
WKVTN4048P,06/06/2018,AB416,99
PZZEK9869H,06/06/2018,AB416,100
RJBHE1780W,06/06/2018,AB416,101
PXVRY8330E,06/06/2018,AB416,102
SOKMS4307R,06/06/2018,AB416,103
NSZTN1977N,06/06/2018,AB416,104
GDIQI1860W,06/06/2018,AB416,105
HWFTZ6529X,06/06/2018,AB416,106
BJEHF9027L,06/06/2018,AB416,107
INBFQ2091L,06/06/2018,AB416,108
GZSTI7148D,06/06/2018,AB416,109
IDGAL6516B,06/06/2018,AB416,110
SGJXD0316V,06/06/2018,AB416,111
PLJUO2465J,06/06/2018,AB416,112
YROYN4508O,06/06/2018,AB416,113
NHOCZ7042X,06/06/2018,AB416,114
WHXUK6649R,06/06/2018,AB416,115
BBYBO5912B,06/06/2018,AB416,116
YKTFJ7469A,06/06/2018,AB416,117
MZZUD6351K,06/06/2018,AB416,118
KFRLL9851X,11/22/2017,CA161,119
SRRYQ5743Q,11/22/2017,CA161,120
CFYXW6582F,11/22/2017,CA161,121
KAIAD9509G,11/22/2017,CA161,122
TKPIQ9843U,11/22/2017,CA161,123
ULAOO3950S,11/22/2017,CA161,124
OQCMV9777R,11/22/2017,CA161,125
PQRRH2571A,11/22/2017,CA161,126
RUNHP2920L,11/22/2017,CA161,127
RHCRC3302D,11/22/2017,CA161,128
FISYG5838S,11/22/2017,CA161,129
HWUYS4514W,11/22/2017,CA161,130
TBYMT3810G,11/22/2017,CA161,131
IPBZM4845Z,11/22/2017,CA161,132
AYCRC3661L,11/22/2017,CA161,133
DGCEE0396H,11/22/2017,CA161,134
AYWWV4917Z,11/22/2017,CA161,135
BZGYD2532R,11/22/2017,CA161,136
YCUIG0674V,11/22/2017,CA161,137
EGBXR3002L,11/22/2017,CA161,138
BMJAO0509R,11/22/2017,CA161,139
ETNFT0073B,11/22/2017,CA161,140
IDEES0748A,11/22/2017,CA161,141
NJTEG9787G,11/22/2017,CA161,142
FNQSI3547C,11/22/2017,CA161,143
GQCOZ7180L,11/22/2017,CA161,144
KTVSG3287N,11/22/2017,CA161,145
HUZLC6501H,11/22/2017,CA161,146
HMGNP7630G,11/22/2017,CA161,147
YXZDT3548X,11/22/2017,CA161,148
QIVDC6315A,11/22/2017,CA161,149
QPDFS6793X,11/22/2017,CA161,150
PJLNF6508W,11/22/2017,CA161,151
OWULN3861T,11/22/2017,CA161,152
GIFAV5591F,11/22/2017,CA161,153
XEFBE2852B,11/22/2017,CA161,154
VPGKE2441A,11/22/2017,CA161,155
JBKZZ8220F,11/22/2017,CA161,156
RXVSD4848D,11/22/2017,CA161,157
KGWUL9412T,11/22/2017,CA161,158
HFICM5338V,11/22/2017,CA161,159
MJLGN3584O,11/22/2017,CA161,160
TIUHP8170A,11/22/2017,CA161,161
GCMCA3887I,11/22/2017,CA161,162
HHNQX7755C,11/22/2017,CA161,163
BBTRS5328U,11/22/2017,CA161,164
HORYB0779P,11/22/2017,CA161,165
DRHTX9819H,11/22/2017,CA161,166
FZAFW3981N,11/22/2017,CA161,167
KHEBW2246T,11/22/2017,CA161,168
FKGDG2375D,11/22/2017,CA161,169
NEYXM5685K,11/22/2017,CA161,170
NQQRC4344T,11/22/2017,CA161,171
FREEV4311P,11/22/2017,CA161,172
NUUHB8710L,11/22/2017,CA161,173
RLRJT8795C,11/22/2017,CA161,174
WTTXY0488V,11/22/2017,CA161,175
NMOHW6266I,11/22/2017,CA161,176
OCMMI1293K,11/22/2017,CA161,177
CCBSC6478A,11/22/2017,CA161,178
BCRVZ7374Z,11/22/2017,CA161,179
HGXQY7742Y,11/22/2017,CA161,180
RTVSP0782Q,11/22/2017,CA161,181
PTLZP9266T,11/22/2017,CA161,182
LDLYD5725H,11/22/2017,CA161,183
BOYVQ0090C,11/22/2017,CA161,184
YLOYG4046L,11/22/2017,CA161,185
QOAHE9985O,11/22/2017,CA161,186
TRCJR6429Z,11/22/2017,CA161,187
GUPYW6164T,11/22/2017,CA161,188
KSJBS5231S,11/22/2017,CA161,189
IFFNC2273N,11/22/2017,CA161,190
IKUSJ8656O,11/22/2017,CA161,191
KCZQK7945N,11/22/2017,CA161,192
OZRFO7689Z,11/22/2017,CA161,193
BGZCF2723D,11/22/2017,CA161,194
MPIFA4614P,11/22/2017,CA161,195
AAREM8771A,11/22/2017,CA161,196
VWXVS3545E,11/22/2017,CA161,197
FWQKF2295F,11/22/2017,CA161,198
RRIXI3904Z,11/22/2017,CA161,199
DPVZD3435C,11/22/2017,CA161,200
NQOLN6257E,11/22/2017,CA161,201
VMVRR7064N,11/22/2017,CA161,202
DVPRP0584F,11/22/2017,CA161,203
LPPKW7272D,11/22/2017,CA161,204
DMNZJ5748F,11/22/2017,CA161,205
XRUCF2798G,11/22/2017,CA161,206
CFVIF2426A,11/22/2017,CA161,207
YYHGI3356H,11/22/2017,CA161,208
JQUKC3851B,11/22/2017,CA161,209
BNOBX1890T,11/22/2017,CA161,210
YITQM4425Z,11/22/2017,CA161,211
VKACA9736P,11/22/2017,CA161,212
MIJXX9139D,11/22/2017,CA161,213
AVFWK4705W,11/22/2017,CA161,214
TJARJ7580H,11/22/2017,CA161,215
MNLIJ0282Z,11/22/2017,CA161,216
MXZTH2103I,11/22/2017,CA161,217
LRNIT8518Q,11/22/2017,CA161,218
HSWGF3244J,11/22/2017,CA161,219
TQAHC5330A,11/22/2017,CA161,220
DOGZT1304R,11/22/2017,CA161,221
FVNGF9173L,11/22/2017,CA161,222
NCVIO7258H,11/22/2017,CA161,223
YRPYR4778C,11/22/2017,CA161,224
XLWHB2989A,11/22/2017,CA161,225
QGLQB8959K,11/22/2017,CA161,226
JXSUV6576P,11/22/2017,CA161,227
SUIPG0045C,11/22/2017,CA161,228
BNZOE3375H,11/22/2017,CA161,229
QCOTT1302T,11/22/2017,CA161,230
WGQTZ1329R,11/22/2017,CA161,231
PSHYO5139T,11/22/2017,CA161,232
YBIVL5051H,11/22/2017,CA161,233
HNAAG4277F,11/22/2017,CA161,234
CAHVI5886V,11/22/2017,CA161,235
MUGTS7141B,11/22/2017,CA161,236
KFNQA7043V,11/22/2017,CA161,237
OVYMN6401Z,11/22/2017,CA161,238
KIXWY6383X,11/22/2017,CA161,239
TBLHQ5115W,11/22/2017,CA161,240
HVLNA5117M,11/22/2017,CA161,241
UFRCT0053K,11/22/2017,CA161,242
RDBID6454Q,11/22/2017,CA161,243
FSARJ7028L,11/22/2017,CA161,244
UHCTM5768J,11/22/2017,CA161,245
CTIBS9903P,11/22/2017,CA161,246
OUHRI0414P,11/22/2017,CA161,247
BLHYV1938W,11/22/2017,CA161,248
FDGGB6155A,11/22/2017,CA161,249